Артикул;Наименование;Характеристика;Цвет;Категория;Подкатегория;пол;СС руб/шт
Халат1беж;Unelle халат махровый женский бежевый Леша;42;бежевый;Халат махровый;Классический махровый;женский;1514
ХалатВафЖенбежевый;Unelle халат вафельный женский бежевый;42;бежевый;Халат вафельный;Классический вафельный;женский;618
Халат1белый;Unelle халат махровый женский белый Леша;42;белый;Халат махровый;Классический махровый;женский;1509
ХалатВафЖенбелый;Unelle халат вафельный женский белый;42;белый;Халат вафельный;Классический вафельный;женский;604
Халат1бордо;Unelle халат махровый женский бордовый Леша;42;бордовый;Халат махровый;Классический махровый;женский;1477
ХалатВафЖенБирюза;Unelle халат вафельный женский голубой;42;Голубой;Халат вафельный;Классический вафельный;женский;620
ХалатВафЖенграфит;Unelle халат вафельный женский графитовый;42;графитовый;Халат вафельный;Классический вафельный;женский;638
Халат1изумрудный;Unelle халат махровый женский изумрудный Леша;42;Изумрудный;Халат махровый;Классический махровый;женский;1563
ХалатВафЖенИзумрудный;Unelle халат вафельный женский изумрудный;42;Изумрудный;Халат вафельный;Классический вафельный;женский;643
Халат1kup;Unelle халат махровый женский капучино Леша;42;Капучино;Халат махровый;Классический махровый;женский;1589
Халат1персик;Unelle халат махровый женский персиковый Леша;42;персиковый;Халат махровый;Классический махровый;женский;1422
Халат1серый;Unelle халат махровый женский серый Леша;42;серый;Халат махровый;Классический махровый;женский;1549
ХалатВафЖенсерый;Unelle халат вафельный женский серый;42;серый;Халат вафельный;Классический вафельный;женский;622
Халат1сиреневый;Unelle халат махровый женский сиреневый Лёша;42;сиреневый;Халат махровый;Классический махровый;женский;1471
Uhmw0003sir;Unelle халат махровый женский сиреневый Лена;42;сиреневый;Халат махровый;Классический махровый;женский;1095
ХалатВафЖенфиолетовый;Unelle халат вафельный женский фиолетовый;42;фиолетовый;Халат вафельный;Классический вафельный;женский;635
ХалатВафЖенчерный;Unelle халат вафельный женский черный;42;черный;Халат вафельный;Классический вафельный;женский;620
Халат1беж;Unelle халат махровый женский бежевый Леша;44;бежевый;Халат махровый;Классический махровый;женский;1486
ХалатВафЖенбежевый;Unelle халат вафельный женский бежевый;44;бежевый;Халат вафельный;Классический вафельный;женский;632
Халат1белый;Unelle халат махровый женский белый Леша;44;белый;Халат махровый;Классический махровый;женский;1508
ХалатВафЖенбелый;Unelle халат вафельный женский белый;44;белый;Халат вафельный;Классический вафельный;женский;616
Халат1бордо;Unelle халат махровый женский бордовый Леша;44;бордовый;Халат махровый;Классический махровый;женский;1464
ХалатВафЖенБирюза;Unelle халат вафельный женский голубой;44;Голубой;Халат вафельный;Классический вафельный;женский;630
ХалатВафЖенграфит;Unelle халат вафельный женский графитовый;44;графитовый;Халат вафельный;Классический вафельный;женский;654
Халат1изумрудный;Unelle халат махровый женский изумрудный Леша;44;Изумрудный;Халат махровый;Классический махровый;женский;1524
ХалатВафЖенИзумрудный;Unelle халат вафельный женский изумрудный;44;Изумрудный;Халат вафельный;Классический вафельный;женский;657
Халат1kup;Unelle халат махровый женский капучино Леша;44;Капучино;Халат махровый;Классический махровый;женский;1572
Халат1персик;Unelle халат махровый женский персиковый Леша;44;персиковый;Халат махровый;Классический махровый;женский;1409
Халат1серый;Unelle халат махровый женский серый Леша;44;серый;Халат махровый;Классический махровый;женский;1577
ХалатВафЖенсерый;Unelle халат вафельный женский серый;44;серый;Халат вафельный;Классический вафельный;женский;635
Халат1сиреневый;Unelle халат махровый женский сиреневый Лёша;44;сиреневый;Халат махровый;Классический махровый;женский;1497
Uhmw0003sir;Unelle халат махровый женский сиреневый Лена;44;сиреневый;Халат махровый;Классический махровый;женский;1110
ХалатВафЖенфиолетовый;Unelle халат вафельный женский фиолетовый;44;фиолетовый;Халат вафельный;Классический вафельный;женский;659
ХалатВафЖенчерный;Unelle халат вафельный женский черный;44;черный;Халат вафельный;Классический вафельный;женский;636
Халат1беж;Unelle халат махровый женский бежевый Леша;46;бежевый;Халат махровый;Классический махровый;женский;1487
ХалатВафЖенбежевый;Unelle халат вафельный женский бежевый;46;бежевый;Халат вафельный;Классический вафельный;женский;649
Халат1белый;Unelle халат махровый женский белый Леша;46;белый;Халат махровый;Классический махровый;женский;1519
ХалатВафЖенбелый;Unelle халат вафельный женский белый;46;белый;Халат вафельный;Классический вафельный;женский;631
Халат1бордо;Unelle халат махровый женский бордовый Леша;46;бордовый;Халат махровый;Классический махровый;женский;1507
ХалатВафЖенБирюза;Unelle халат вафельный женский голубой;46;Голубой;Халат вафельный;Классический вафельный;женский;651
ХалатВафЖенграфит;Unelle халат вафельный женский графитовый;46;графитовый;Халат вафельный;Классический вафельный;женский;675
Халат1изумрудный;Unelle халат махровый женский изумрудный Леша;46;Изумрудный;Халат махровый;Классический махровый;женский;1496
ХалатВафЖенИзумрудный;Unelle халат вафельный женский изумрудный;46;Изумрудный;Халат вафельный;Классический вафельный;женский;674
Халат1kup;Unelle халат махровый женский капучино Леша;46;Капучино;Халат махровый;Классический махровый;женский;1562
Халат1персик;Unelle халат махровый женский персиковый Леша;46;персиковый;Халат махровый;Классический махровый;женский;1462
Халат1серый;Unelle халат махровый женский серый Леша;46;серый;Халат махровый;Классический махровый;женский;1551
ХалатВафЖенсерый;Unelle халат вафельный женский серый;46;серый;Халат вафельный;Классический вафельный;женский;653
Халат1сиреневый;Unelle халат махровый женский сиреневый Лёша;46;сиреневый;Халат махровый;Классический махровый;женский;1481
Uhmw0003sir;Unelle халат махровый женский сиреневый Лена;46;сиреневый;Халат махровый;Классический махровый;женский;1124
ХалатВафЖенфиолетовый;Unelle халат вафельный женский фиолетовый;46;фиолетовый;Халат вафельный;Классический вафельный;женский;674
ХалатВафЖенчерный;Unelle халат вафельный женский черный;46;черный;Халат вафельный;Классический вафельный;женский;655
Халат1беж;Unelle халат махровый женский бежевый Леша;48;бежевый;Халат махровый;Классический махровый;женский;1500
ХалатВафЖенбежевый;Unelle халат вафельный женский бежевый;48;бежевый;Халат вафельный;Классический вафельный;женский;667
Халат1белый;Unelle халат махровый женский белый Леша;48;белый;Халат махровый;Классический махровый;женский;1541
ХалатВафЖенбелый;Unelle халат вафельный женский белый;48;белый;Халат вафельный;Классический вафельный;женский;647
Халат1бордо;Unelle халат махровый женский бордовый Леша;48;бордовый;Халат махровый;Классический махровый;женский;1507
ХалатВафЖенБирюза;Unelle халат вафельный женский голубой;48;Голубой;Халат вафельный;Классический вафельный;женский;665
ХалатВаф/графит;Unelle халат вафельный мужской графитовый;48;графитовый;Халат вафельный;Классический вафельный;мужской;719
ХалатВафЖенграфит;Unelle халат вафельный женский графитовый;48;графитовый;Халат вафельный;Классический вафельный;женский;686
Халат1изумрудный;Unelle халат махровый женский изумрудный Леша;48;Изумрудный;Халат махровый;Классический махровый;женский;1528
ХалатВаф/изумруд;Unelle халат вафельный мужской изумрудный;48;Изумрудный;Халат вафельный;Классический вафельный;мужской;720
ХалатВафЖенИзумрудный;Unelle халат вафельный женский изумрудный;48;Изумрудный;Халат вафельный;Классический вафельный;женский;697
Халат1kup;Unelle халат махровый женский капучино Леша;48;Капучино;Халат махровый;Классический махровый;женский;1565
Халат1персик;Unelle халат махровый женский персиковый Леша;48;персиковый;Халат махровый;Классический махровый;женский;1445
Халат1серый;Unelle халат махровый женский серый Леша;48;серый;Халат махровый;Классический махровый;женский;1561
ХалатВаф/серый;Unelle халат вафельный мужской серый;48;серый;Халат вафельный;Классический вафельный;мужской;689
ХалатВафЖенсерый;Unelle халат вафельный женский серый;48;серый;Халат вафельный;Классический вафельный;женский;664
Халат1сиреневый;Unelle халат махровый женский сиреневый Лёша;48;сиреневый;Халат махровый;Классический махровый;женский;1473
Uhmw0003sir;Unelle халат махровый женский сиреневый Лена;48;сиреневый;Халат махровый;Классический махровый;женский;1142
ХалатВаф/темно-синий;Unelle халат вафельный мужской темно-синий;48;темно-синий;Халат вафельный;Классический вафельный;мужской;705
ХалатВафЖенфиолетовый;Unelle халат вафельный женский фиолетовый;48;фиолетовый;Халат вафельный;Классический вафельный;женский;695
ХалатВафЖенчерный;Unelle халат вафельный женский черный;48;черный;Халат вафельный;Классический вафельный;женский;672
Халат1беж;Unelle халат махровый женский бежевый Леша;50;бежевый;Халат махровый;Классический махровый;женский;1517
ХалатВафЖенбежевый;Unelle халат вафельный женский бежевый;50;бежевый;Халат вафельный;Классический вафельный;женский;685
Халат1белый;Unelle халат махровый женский белый Леша;50;белый;Халат махровый;Классический махровый;женский;1558
ХалатВафЖенбелый;Unelle халат вафельный женский белый;50;белый;Халат вафельный;Классический вафельный;женский;667
Халат1бордо;Unelle халат махровый женский бордовый Леша;50;бордовый;Халат махровый;Классический махровый;женский;1546
ХалатВафЖенБирюза;Unelle халат вафельный женский голубой;50;Голубой;Халат вафельный;Классический вафельный;женский;683
ХалатВаф/графит;Unelle халат вафельный мужской графитовый;50;графитовый;Халат вафельный;Классический вафельный;мужской;737
ХалатВафЖенграфит;Unelle халат вафельный женский графитовый;50;графитовый;Халат вафельный;Классический вафельный;женский;709
Халат1изумрудный;Unelle халат махровый женский изумрудный Леша;50;Изумрудный;Халат махровый;Классический махровый;женский;1526
ХалатВаф/изумруд;Unelle халат вафельный мужской изумрудный;50;Изумрудный;Халат вафельный;Классический вафельный;мужской;737
ХалатВафЖенИзумрудный;Unelle халат вафельный женский изумрудный;50;Изумрудный;Халат вафельный;Классический вафельный;женский;719
Халат1kup;Unelle халат махровый женский капучино Леша;50;Капучино;Халат махровый;Классический махровый;женский;1564
Халат1персик;Unelle халат махровый женский персиковый Леша;50;персиковый;Халат махровый;Классический махровый;женский;1448
Халат1серый;Unelle халат махровый женский серый Леша;50;серый;Халат махровый;Классический махровый;женский;1581
ХалатВаф/серый;Unelle халат вафельный мужской серый;50;серый;Халат вафельный;Классический вафельный;мужской;698
ХалатВафЖенсерый;Unelle халат вафельный женский серый;50;серый;Халат вафельный;Классический вафельный;женский;689
Халат1сиреневый;Unelle халат махровый женский сиреневый Лёша;50;сиреневый;Халат махровый;Классический махровый;женский;1513
Uhmw0003sir;Unelle халат махровый женский сиреневый Лена;50;сиреневый;Халат махровый;Классический махровый;женский;1169
ХалатВаф/темно-синий;Unelle халат вафельный мужской темно-синий;50;темно-синий;Халат вафельный;Классический вафельный;мужской;728
ХалатВафЖенфиолетовый;Unelle халат вафельный женский фиолетовый;50;фиолетовый;Халат вафельный;Классический вафельный;женский;715
ХалатВафЖенчерный;Unelle халат вафельный женский черный;50;черный;Халат вафельный;Классический вафельный;женский;692
Халат1беж;Unelle халат махровый женский бежевый Леша;52;бежевый;Халат махровый;Классический махровый;женский;1531
ХалатВафЖенбежевый;Unelle халат вафельный женский бежевый;52;бежевый;Халат вафельный;Классический вафельный;женский;700
Халат1белый;Unelle халат махровый женский белый Леша;52;белый;Халат махровый;Классический махровый;женский;1566
ХалатВафЖенбелый;Unelle халат вафельный женский белый;52;белый;Халат вафельный;Классический вафельный;женский;686
Халат1бордо;Unelle халат махровый женский бордовый Леша;52;бордовый;Халат махровый;Классический махровый;женский;1506
ХалатВафЖенБирюза;Unelle халат вафельный женский голубой;52;Голубой;Халат вафельный;Классический вафельный;женский;705
ХалатВаф/графит;Unelle халат вафельный мужской графитовый;52;графитовый;Халат вафельный;Классический вафельный;мужской;748
ХалатВафЖенграфит;Unelle халат вафельный женский графитовый;52;графитовый;Халат вафельный;Классический вафельный;женский;720
Халат1изумрудный;Unelle халат махровый женский изумрудный Леша;52;Изумрудный;Халат махровый;Классический махровый;женский;1524
ХалатВаф/изумруд;Unelle халат вафельный мужской изумрудный;52;Изумрудный;Халат вафельный;Классический вафельный;мужской;758
ХалатВафЖенИзумрудный;Unelle халат вафельный женский изумрудный;52;Изумрудный;Халат вафельный;Классический вафельный;женский;741
Халат1kup;Unelle халат махровый женский капучино Леша;52;Капучино;Халат махровый;Классический махровый;женский;1582
Халат1персик;Unelle халат махровый женский персиковый Леша;52;персиковый;Халат махровый;Классический махровый;женский;1485
Халат1серый;Unelle халат махровый женский серый Леша;52;серый;Халат махровый;Классический махровый;женский;1604
ХалатВаф/серый;Unelle халат вафельный мужской серый;52;серый;Халат вафельный;Классический вафельный;мужской;717
ХалатВафЖенсерый;Unelle халат вафельный женский серый;52;серый;Халат вафельный;Классический вафельный;женский;705
Халат1сиреневый;Unelle халат махровый женский сиреневый Лёша;52;сиреневый;Халат махровый;Классический махровый;женский;1473
Uhmw0003sir;Unelle халат махровый женский сиреневый Лена;52;сиреневый;Халат махровый;Классический махровый;женский;1171
ХалатВаф/темно-синий;Unelle халат вафельный мужской темно-синий;52;темно-синий;Халат вафельный;Классический вафельный;мужской;744
ХалатВафЖенфиолетовый;Unelle халат вафельный женский фиолетовый;52;фиолетовый;Халат вафельный;Классический вафельный;женский;743
ХалатВафЖенчерный;Unelle халат вафельный женский черный;52;черный;Халат вафельный;Классический вафельный;женский;710
Халат1беж;Unelle халат махровый женский бежевый Леша;54;бежевый;Халат махровый;Классический махровый;женский;1576
ХалатВафЖенбежевый;Unelle халат вафельный женский бежевый;54;бежевый;Халат вафельный;Классический вафельный;женский;716
Халат1белый;Unelle халат махровый женский белый Леша;54;белый;Халат махровый;Классический махровый;женский;1576
ХалатВафЖенбелый;Unelle халат вафельный женский белый;54;белый;Халат вафельный;Классический вафельный;женский;704
Халат1бордо;Unelle халат махровый женский бордовый Леша;54;бордовый;Халат махровый;Классический махровый;женский;1497
ХалатВафЖенБирюза;Unelle халат вафельный женский голубой;54;Голубой;Халат вафельный;Классический вафельный;женский;716
ХалатВаф/графит;Unelle халат вафельный мужской графитовый;54;графитовый;Халат вафельный;Классический вафельный;мужской;767
ХалатВафЖенграфит;Unelle халат вафельный женский графитовый;54;графитовый;Халат вафельный;Классический вафельный;женский;740
Халат1изумрудный;Unelle халат махровый женский изумрудный Леша;54;Изумрудный;Халат махровый;Классический махровый;женский;1499
ХалатВаф/изумруд;Unelle халат вафельный мужской изумрудный;54;Изумрудный;Халат вафельный;Классический вафельный;мужской;774
ХалатВафЖенИзумрудный;Unelle халат вафельный женский изумрудный;54;Изумрудный;Халат вафельный;Классический вафельный;женский;754
Халат1kup;Unelle халат махровый женский капучино Леша;54;Капучино;Халат махровый;Классический махровый;женский;1555
Халат1персик;Unelle халат махровый женский персиковый Леша;54;персиковый;Халат махровый;Классический махровый;женский;1444
Халат1серый;Unelle халат махровый женский серый Леша;54;серый;Халат махровый;Классический махровый;женский;1558
ХалатВаф/серый;Unelle халат вафельный мужской серый;54;серый;Халат вафельный;Классический вафельный;мужской;739
ХалатВафЖенсерый;Unelle халат вафельный женский серый;54;серый;Халат вафельный;Классический вафельный;женский;723
Халат1сиреневый;Unelle халат махровый женский сиреневый Лёша;54;сиреневый;Халат махровый;Классический махровый;женский;1516
Uhmw0003sir;Unelle халат махровый женский сиреневый Лена;54;сиреневый;Халат махровый;Классический махровый;женский;1188
ХалатВаф/темно-синий;Unelle халат вафельный мужской темно-синий;54;темно-синий;Халат вафельный;Классический вафельный;мужской;761
ХалатВафЖенфиолетовый;Unelle халат вафельный женский фиолетовый;54;фиолетовый;Халат вафельный;Классический вафельный;женский;749
ХалатВафЖенчерный;Unelle халат вафельный женский черный;54;черный;Халат вафельный;Классический вафельный;женский;727
Халат1беж;Unelle халат махровый женский бежевый Леша;56;бежевый;Халат махровый;Классический махровый;женский;1495
ХалатВафЖенбежевый;Unelle халат вафельный женский бежевый;56;бежевый;Халат вафельный;Классический вафельный;женский;733
Халат1белый;Unelle халат махровый женский белый Леша;56;белый;Халат махровый;Классический махровый;женский;1562
ХалатВафЖенбелый;Unelle халат вафельный женский белый;56;белый;Халат вафельный;Классический вафельный;женский;713
Халат1бордо;Unelle халат махровый женский бордовый Леша;56;бордовый;Халат махровый;Классический махровый;женский;1534
ХалатВафЖенБирюза;Unelle халат вафельный женский голубой;56;Голубой;Халат вафельный;Классический вафельный;женский;735
ХалатВаф/графит;Unelle халат вафельный мужской графитовый;56;графитовый;Халат вафельный;Классический вафельный;мужской;787
ХалатВафЖенграфит;Unelle халат вафельный женский графитовый;56;графитовый;Халат вафельный;Классический вафельный;женский;763
Халат1изумрудный;Unelle халат махровый женский изумрудный Леша;56;Изумрудный;Халат махровый;Классический махровый;женский;1560
ХалатВаф/изумруд;Unelle халат вафельный мужской изумрудный;56;Изумрудный;Халат вафельный;Классический вафельный;мужской;796
ХалатВафЖенИзумрудный;Unelle халат вафельный женский изумрудный;56;Изумрудный;Халат вафельный;Классический вафельный;женский;778
Халат1kup;Unelle халат махровый женский капучино Леша;56;Капучино;Халат махровый;Классический махровый;женский;1564
Халат1персик;Unelle халат махровый женский персиковый Леша;56;персиковый;Халат махровый;Классический махровый;женский;1534
Халат1серый;Unelle халат махровый женский серый Леша;56;серый;Халат махровый;Классический махровый;женский;1584
ХалатВаф/серый;Unelle халат вафельный мужской серый;56;серый;Халат вафельный;Классический вафельный;мужской;756
ХалатВафЖенсерый;Unelle халат вафельный женский серый;56;серый;Халат вафельный;Классический вафельный;женский;745
Халат1сиреневый;Unelle халат махровый женский сиреневый Лёша;56;сиреневый;Халат махровый;Классический махровый;женский;1549
Uhmw0003sir;Unelle халат махровый женский сиреневый Лена;56;сиреневый;Халат махровый;Классический махровый;женский;1202
ХалатВаф/темно-синий;Unelle халат вафельный мужской темно-синий;56;темно-синий;Халат вафельный;Классический вафельный;мужской;781
ХалатВафЖенфиолетовый;Unelle халат вафельный женский фиолетовый;56;фиолетовый;Халат вафельный;Классический вафельный;женский;773
ХалатВафЖенчерный;Unelle халат вафельный женский черный;56;черный;Халат вафельный;Классический вафельный;женский;748
Халат1беж;Unelle халат махровый женский бежевый Леша;58;бежевый;Халат махровый;Классический махровый;женский;1405
Халат1белый;Unelle халат махровый женский белый Леша;58;белый;Халат махровый;Классический махровый;женский;1725
ХалатВафЖенбелый;Unelle халат вафельный женский белый;58;белый;Халат вафельный;Классический вафельный;женский;737
ХалатВафЖенБирюза;Unelle халат вафельный женский голубой;58;Голубой;Халат вафельный;Классический вафельный;женский;728
ХалатВаф/графит;Unelle халат вафельный мужской графитовый;58;графитовый;Халат вафельный;Классический вафельный;мужской;808
ХалатВаф/изумруд;Unelle халат вафельный мужской изумрудный;58;Изумрудный;Халат вафельный;Классический вафельный;мужской;815
Халат1kup;Unelle халат махровый женский капучино Леша;58;Капучино;Халат махровый;Классический махровый;женский;1731
Халат1персик;Unelle халат махровый женский персиковый Леша;58;персиковый;Халат махровый;Классический махровый;женский;1405
ХалатВаф/серый;Unelle халат вафельный мужской серый;58;серый;Халат вафельный;Классический вафельный;мужской;772
ХалатВафЖенсерый;Unelle халат вафельный женский серый;58;серый;Халат вафельный;Классический вафельный;женский;759
ХалатВаф/темно-синий;Unelle халат вафельный мужской темно-синий;58;темно-синий;Халат вафельный;Классический вафельный;мужской;805
ХалатВафЖенчерный;Unelle халат вафельный женский черный;58;черный;Халат вафельный;Классический вафельный;женский;769
Халат1беж;Unelle халат махровый женский бежевый Леша;60;бежевый;Халат махровый;Классический махровый;женский;1427
Халат1белый;Unelle халат махровый женский белый Леша;60;белый;Халат махровый;Классический махровый;женский;1769
ХалатВафЖенбелый;Unelle халат вафельный женский белый;60;белый;Халат вафельный;Классический вафельный;женский;752
ХалатВаф/графит;Unelle халат вафельный мужской графитовый;60;графитовый;Халат вафельный;Классический вафельный;мужской;822
ХалатВаф/изумруд;Unelle халат вафельный мужской изумрудный;60;Изумрудный;Халат вафельный;Классический вафельный;мужской;834
Халат1kup;Unelle халат махровый женский капучино Леша;60;Капучино;Халат махровый;Классический махровый;женский;1745
Халат1персик;Unelle халат махровый женский персиковый Леша;60;персиковый;Халат махровый;Классический махровый;женский;1443
ХалатВаф/серый;Unelle халат вафельный мужской серый;60;серый;Халат вафельный;Классический вафельный;мужской;789
ХалатВафЖенсерый;Unelle халат вафельный женский серый;60;серый;Халат вафельный;Классический вафельный;женский;773
ХалатВаф/темно-синий;Unelle халат вафельный мужской темно-синий;60;темно-синий;Халат вафельный;Классический вафельный;мужской;825
ХалатВафЖенчерный;Unelle халат вафельный женский черный;60;черный;Халат вафельный;Классический вафельный;женский;786
UhvDet0003bel-ser;Unelle халат вафельный детский с капюшоном и принтом киты;104-110;белый серый;Халат вафельный;Детский вафельный;дети;572
UhvDet0002mint;Unelle халат вафельный детский с вышивкой мятный Лена;104-110;мятный;Халат вафельный;Детский вафельный;дети;510
UhvDet0002sroz;Unelle халат вафельный детский с вышивкой светло-розовый Лена;104-110;светло-розовый;Халат вафельный;Детский вафельный;дети;523
UhvDet0002sin;Unelle халат вафельный детский с капюшоном и вышивкой синий Лена;104-110;синий;Халат вафельный;Детский вафельный;дети;545
UhmTeen0001bezh;Unelle халат махровый для девочки бежевый Лена;116-122;бежевый;Халат махровый;Детский махровый;дети;783
UhvDet0003bel-ser;Unelle халат вафельный детский с капюшоном и принтом киты;116-122;белый серый;Халат вафельный;Детский вафельный;дети;609
UhvTeen0001milk;Unelle халат вафельный для девочки с капюшоном молочный Лена;116-122;молочный;Халат вафельный;Детский вафельный;дети;745
UhvDet0002mint;Unelle халат вафельный детский с вышивкой мятный Лена;116-122;мятный;Халат вафельный;Детский вафельный;дети;541
UhvTeen0001pgol;Unelle халат вафельный для мальчика с капюшоном пыльно-голубой Лена;116-122;пыльно-голубой;Халат вафельный;Детский вафельный;дети;778
UhvDet0002sroz;Unelle халат вафельный детский с вышивкой светло-розовый Лена;116-122;светло-розовый;Халат вафельный;Детский вафельный;дети;549
UhmTeen0001ser2;Unelle халат махровый для мальчика серый Лена;116-122;серый;Халат махровый;Детский махровый;дети;724
UhvTeen0001ser;Unelle халат вафельный для мальчика с капюшоном серый Лена;116-122;серый;Халат вафельный;Детский вафельный;дети;758
UhvTeen0001sin;Unelle халат вафельный для мальчика с капюшоном синий Лена;116-122;синий;Халат вафельный;Детский вафельный;дети;786
UhvDet0002sin;Unelle халат вафельный детский с капюшоном и вышивкой синий Лена;116-122;синий;Халат вафельный;Детский вафельный;дети;575
UhvTeen0001sir;Unelle халат вафельный для девочки с капюшоном сиреневый Лена;116-122;сиреневый;Халат вафельный;Детский вафельный;дети;758
UhmTeen0001bezh;Unelle халат махровый для девочки бежевый Лена;128-134;бежевый;Халат махровый;Детский махровый;дети;838
UhvDet0003bel-ser;Unelle халат вафельный детский с капюшоном и принтом киты;128-134;белый серый;Халат вафельный;Детский вафельный;дети;619
UhmTeen0001lav;Unelle халат махровый для девочки лавандовый Лена;128-134;лавандовый;Халат махровый;Детский махровый;дети;782
UhvTeen0001milk;Unelle халат вафельный для девочки с капюшоном молочный Лена;128-134;молочный;Халат вафельный;Детский вафельный;дети;938
UhmDet0001mol/gol;Unelle халат махровый детский в полоску молочный/голубой Лена;128-134;молочный голубой;Халат махровый;Детский махровый;дети;819
UhmDet0001mol/roz;Unelle халат махровый детский в полоску молочный/розовый Лена;128-134;молочный розовый;Халат махровый;Детский махровый;дети;811
UhvTeen0001pgol;Unelle халат вафельный для мальчика с капюшоном пыльно-голубой Лена;128-134;пыльно-голубой;Халат вафельный;Детский вафельный;дети;940
UhmTeen0001ser;Unelle халат махровый для девочки серый Лена;128-134;серый;Халат махровый;Детский махровый;дети;765
UhmTeen0001ser2;Unelle халат махровый для мальчика серый Лена;128-134;серый;Халат махровый;Детский махровый;дети;781
UhvTeen0001ser;Unelle халат вафельный для мальчика с капюшоном серый Лена;128-134;серый;Халат вафельный;Детский вафельный;дети;944
UhvTeen0001sin;Unelle халат вафельный для мальчика с капюшоном синий Лена;128-134;синий;Халат вафельный;Детский вафельный;дети;987
UhmTeen0001sir;Unelle халат махровый для девочки сиреневый Лена;128-134;сиреневый;Халат махровый;Детский махровый;дети;769
UhmTeen0001sir2;Unelle халат махровый для девочки сиреневый Лена;128-134;сиреневый;Халат махровый;Детский махровый;дети;690
UhvTeen0001sir;Unelle халат вафельный для девочки с капюшоном сиреневый Лена;128-134;сиреневый;Халат вафельный;Детский вафельный;дети;944
UhmTeen0001maslo;Unelle халат махровый для девочки сливочное масло;128-134;сливочное масло;Халат махровый;Детский махровый;дети;693
UhmTeen0001bezh;Unelle халат махровый для девочки бежевый Лена;140-146;бежевый;Халат махровый;Детский махровый;дети;842
UhvDet0003bel-ser;Unelle халат вафельный детский с капюшоном и принтом киты;140-146;белый серый;Халат вафельный;Детский вафельный;дети;646
UhmTeen0001lav;Unelle халат махровый для девочки лавандовый Лена;140-146;лавандовый;Халат махровый;Детский махровый;дети;802
UhvTeen0001milk;Unelle халат вафельный для девочки с капюшоном молочный Лена;140-146;молочный;Халат вафельный;Детский вафельный;дети;932
UhmDet0001mol/gol;Unelle халат махровый детский в полоску молочный/голубой Лена;140-146;молочный голубой;Халат махровый;Детский махровый;дети;859
UhmDet0001mol/roz;Unelle халат махровый детский в полоску молочный/розовый Лена;140-146;молочный розовый;Халат махровый;Детский махровый;дети;850
UhvTeen0001pgol;Unelle халат вафельный для мальчика с капюшоном пыльно-голубой Лена;140-146;пыльно-голубой;Халат вафельный;Детский вафельный;дети;954
UhmTeen0001ser;Unelle халат махровый для девочки серый Лена;140-146;серый;Халат махровый;Детский махровый;дети;812
UhmTeen0001ser2;Unelle халат махровый для мальчика серый Лена;140-146;серый;Халат махровый;Детский махровый;дети;809
UhvTeen0001ser;Unelle халат вафельный для мальчика с капюшоном серый Лена;140-146;серый;Халат вафельный;Детский вафельный;дети;942
UhvTeen0001sin;Unelle халат вафельный для мальчика с капюшоном синий Лена;140-146;синий;Халат вафельный;Детский вафельный;дети;984
UhmTeen0001sir;Unelle халат махровый для девочки сиреневый Лена;140-146;сиреневый;Халат махровый;Детский махровый;дети;796
UhmTeen0001sir2;Unelle халат махровый для девочки сиреневый Лена;140-146;сиреневый;Халат махровый;Детский махровый;дети;730
UhvTeen0001sir;Unelle халат вафельный для девочки с капюшоном сиреневый Лена;140-146;сиреневый;Халат вафельный;Детский вафельный;дети;947
UhmTeen0001maslo;Unelle халат махровый для девочки сливочное масло;140-146;сливочное масло;Халат махровый;Детский махровый;дети;732
UhmTeen0001bezh;Unelle халат махровый для девочки бежевый Лена;152-158;бежевый;Халат махровый;Детский махровый;дети;856
UhmTeen0001lav;Unelle халат махровый для девочки лавандовый Лена;152-158;лавандовый;Халат махровый;Детский махровый;дети;802
UhvTeen0001milk;Unelle халат вафельный для девочки с капюшоном молочный Лена;152-158;молочный;Халат вафельный;Детский вафельный;дети;996
UhmDet0001mol/gol;Unelle халат махровый детский в полоску молочный/голубой Лена;152-158;молочный голубой;Халат махровый;Детский махровый;дети;861
UhmDet0001mol/roz;Unelle халат махровый детский в полоску молочный/розовый Лена;152-158;молочный розовый;Халат махровый;Детский махровый;дети;862
UhvTeen0001pgol;Unelle халат вафельный для мальчика с капюшоном пыльно-голубой Лена;152-158;пыльно-голубой;Халат вафельный;Детский вафельный;дети;1005
UhmTeen0001ser;Unelle халат махровый для девочки серый Лена;152-158;серый;Халат махровый;Детский махровый;дети;813
UhmTeen0001ser2;Unelle халат махровый для мальчика серый Лена;152-158;серый;Халат махровый;Детский махровый;дети;780
UhvTeen0001ser;Unelle халат вафельный для мальчика с капюшоном серый Лена;152-158;серый;Халат вафельный;Детский вафельный;дети;1004
UhvTeen0001sin;Unelle халат вафельный для мальчика с капюшоном синий Лена;152-158;синий;Халат вафельный;Детский вафельный;дети;1047
UhmTeen0001sir;Unelle халат махровый для девочки сиреневый Лена;152-158;сиреневый;Халат махровый;Детский махровый;дети;794
UhmTeen0001sir2;Unelle халат махровый для девочки сиреневый Лена;152-158;сиреневый;Халат махровый;Детский махровый;дети;743
UhvTeen0001sir;Unelle халат вафельный для девочки с капюшоном сиреневый Лена;152-158;сиреневый;Халат вафельный;Детский вафельный;дети;1004
UhmTeen0001maslo;Unelle халат махровый для девочки сливочное масло;152-158;сливочное масло;Халат махровый;Детский махровый;дети;743
UhvW0003bakl;Unelle халат вафельный женский с капюшоном баклажановый;42-44;баклажан;Халат вафельный;Классический вафельный;женский;907
Uhmw0003beig;Unelle халат махровый женский бежевый Лена;42-44;бежевый;Халат махровый;Классический махровый;женский;1066
Uhvw0015bezh;Unelle халат вафельный женский короткий бежевый;42-44;бежевый;Халат вафельный;Классический вафельный;женский;519
Uhvw0007bezh;Unelle халат вафельный женский бежевый с черным кантом;42-44;бежевый;Халат вафельный;Дизайнерский вафельный;женский;673
Uhmw0003bel;Unelle халат махровый женский белый Лена;42-44;белый;Халат махровый;Классический махровый;женский;1369
UhmW0015bel;Unelle халат махровый женский короткий Chloe белый;42-44;белый;Халат махровый;Классический махровый;женский;730
UhmW0014bel;Unelle халат махра-велюр женский белый;42-44;белый;Халат махровый;Дизайнерский махровый;женский;1272
UhvW0003bel;Unelle халат вафельный женский с капюшоном белый;42-44;белый;Халат вафельный;Классический вафельный;женский;931
Uhvw0015bel;Unelle халат вафельный женский короткий белый;42-44;белый;Халат вафельный;Классический вафельный;женский;519
Uhvw0012bel-zel;Unelle халат вафельный женский Olivia;42-44;белый зеленый;Халат вафельный;Дизайнерский вафельный;женский;719
Uhvw0007gol;Unelle халат вафельный женский голубой с бежевым кантом;42-44;Голубой;Халат вафельный;Дизайнерский вафельный;женский;669
UhmW0015graf;Unelle халат махровый женский короткий Chloe графитовый;42-44;графитовый;Халат махровый;Классический махровый;женский;730
Uhmw0003izu;Unelle халат махровый женский изумрудный Лена;42-44;Изумрудный;Халат махровый;Классический махровый;женский;1098
UhmW0001kup;Unelle халат махровый женский с капюшоном капучино Лена;42-44;капучино;Халат махровый;Классический махровый;женский;1598
Uhmw0003kup;Unelle халат махровый женский капучино Лена;42-44;Капучино;Халат махровый;Классический махровый;женский;1339
UhmW0015kup;Unelle халат махровый женский короткий Chloe капучино;42-44;капучино;Халат махровый;Классический махровый;женский;730
Uhvw0008kap;Unelle халат вафельный женский Adele капучино;42-44;Капучино;Халат вафельный;Дизайнерский вафельный;женский;924
UhmW0011lav;Unelle халат махровый женский Nina Richi Rose lilac Лена;42-44;лаванда;Халат махровый;Дизайнерский махровый;женский;1141
UhmW0014lat;Unelle халат махра-велюр женский латте;42-44;латте;Халат махровый;Дизайнерский махровый;женский;1295
Uhvw0008milk;Unelle халат вафельный женский Adele молочный;42-44;молочный;Халат вафельный;Дизайнерский вафельный;женский;907
UhmW0008mol/gol;Unelle халат махровый женский в узкую полоску молочный/голубой Лена;42-44;молочный голубой;Халат махровый;Дизайнерский махровый;женский;1227
UhmW0012mol/gol;Unelle халат махровый женский с капюшоном в узкую полоску молочно-голубой Лена;42-44;молочный голубой;Халат махровый;Дизайнерский махровый;женский;1542
Uhvw0013mol-graf;Unelle халат жаккардовый женский Terry молочно-графитовый;42-44;молочный графитовый;Халат вафельный;Дизайнерский вафельный;женский;1097
Uhvw0014mol-graf;Unelle халат жаккардовый женский короткий Terry молочно-графитовый;42-44;молочный графитовый;Халат вафельный;Дизайнерский вафельный;женский;765
UhmW0008mol/roz;Unelle халат махровый женский в узкую полоску молочный/розовый Лена;42-44;молочный розовый;Халат махровый;Дизайнерский махровый;женский;1329
UhvW0003mint;Unelle халат вафельный женский с капюшоном мятный;42-44;мятный;Халат вафельный;Классический вафельный;женский;911
Uhvw0004mint;Unelle халат вафельный женский мятный;42-44;Мятный;Халат вафельный;Классический вафельный;женский;637
Uhmw006pbir;Unelle халат махровый женский пыльная бирюза с белым кантом Леша;42-44;пыльно-бирюзовый;Халат махровый;Дизайнерский махровый;женский;1757
UhmW0001pbor;Unelle халат махровый женский с капюшоном пыльно-бордовый Лена;42-44;пыльно-бордовый;Халат махровый;Классический махровый;женский;1542
UhmW0015proz;Unelle халат махровый женский короткий Chloe пыльно-розовый;42-44;пыльно-розовый;Халат махровый;Классический махровый;женский;730
Uhmw006proz;Unelle халат махровый женский пыльная роза с черным кантом Леша;42-44;пыльно-розовый;Халат махровый;Дизайнерский махровый;женский;1771
Uhvw0004ser-kor;Unelle халат вафельный женский серо-коричневый;42-44;Серо-коричневый;Халат вафельный;Классический вафельный;женский;630
UhmW0001ser;Unelle халат махровый женский с капюшоном серый Лена;42-44;серый;Халат махровый;Классический махровый;женский;1552
Uhmw0003ser;Unelle халат махровый женский серый Лена;42-44;серый;Халат махровый;Классический махровый;женский;1066
UhmW0011ser;Unelle халат махровый женский Nina Richi Pale Gray Лена;42-44;серый;Халат махровый;Дизайнерский махровый;женский;1089
Uhvw0007ser;Unelle халат вафельный женский серый с черным кантом;42-44;серый;Халат вафельный;Дизайнерский вафельный;женский;677
Uhvw0008ser;Unelle халат вафельный женский Adele серый;42-44;серый;Халат вафельный;Дизайнерский вафельный;женский;923
UhmW0011sir;Unelle халат махровый женский Nina Richi Cowberry Лена;42-44;сиреневый;Халат махровый;Дизайнерский махровый;женский;1134
Uhvw0008sir;Unelle халат вафельный женский Adele сиреневый;42-44;Сиреневый;Халат вафельный;Дизайнерский вафельный;женский;921
Uhmw0003maslo;Unelle халат махровый женский сливочное масло;42-44;сливочное масло;Халат махровый;Классический махровый;женский;1161
UhmW0015maslo;Unelle халат махровый женский короткий Chloe сливочное масло;42-44;сливочное масло;Халат махровый;Классический махровый;женский;730
Uhvw0015tser;Unelle халат вафельный женский короткий темно-серый;42-44;темно-серый;Халат вафельный;Классический вафельный;женский;519
Uhmw006tsin;Unelle халат махровый женский темно-синий с белым кантом Леша;42-44;темно-синий;Халат махровый;Дизайнерский махровый;женский;1677
Uhvw0007cher;Unelle халат вафельный женский черный с белым кантом;42-44;черный;Халат вафельный;Дизайнерский вафельный;женский;713
UhvW0003bakl;Unelle халат вафельный женский с капюшоном баклажановый;46-48;баклажан;Халат вафельный;Классический вафельный;женский;926
Uhmw0003beig;Unelle халат махровый женский бежевый Лена;46-48;бежевый;Халат махровый;Классический махровый;женский;1130
Uhvw0015bezh;Unelle халат вафельный женский короткий бежевый;46-48;бежевый;Халат вафельный;Классический вафельный;женский;519
Uhvw0007bezh;Unelle халат вафельный женский бежевый с черным кантом;46-48;бежевый;Халат вафельный;Дизайнерский вафельный;женский;690
Uhmw0003bel;Unelle халат махровый женский белый Лена;46-48;белый;Халат махровый;Классический махровый;женский;1405
UhmW0015bel;Unelle халат махровый женский короткий Chloe белый;46-48;белый;Халат махровый;Классический махровый;женский;788
UhmW0014bel;Unelle халат махра-велюр женский белый;46-48;белый;Халат махровый;Дизайнерский махровый;женский;1365
UhvW0003bel;Unelle халат вафельный женский с капюшоном белый;46-48;белый;Халат вафельный;Классический вафельный;женский;937
Uhvw0015bel;Unelle халат вафельный женский короткий белый;46-48;белый;Халат вафельный;Классический вафельный;женский;519
Uhvw0012bel-zel;Unelle халат вафельный женский Olivia;46-48;белый зеленый;Халат вафельный;Дизайнерский вафельный;женский;770
Uhvw0007gol;Unelle халат вафельный женский голубой с бежевым кантом;46-48;Голубой;Халат вафельный;Дизайнерский вафельный;женский;689
UhmW0015graf;Unelle халат махровый женский короткий Chloe графитовый;46-48;графитовый;Халат махровый;Классический махровый;женский;788
Uhmw0003izu;Unelle халат махровый женский изумрудный Лена;46-48;Изумрудный;Халат махровый;Классический махровый;женский;1161
UhmW0001kup;Unelle халат махровый женский с капюшоном капучино Лена;46-48;капучино;Халат махровый;Классический махровый;женский;1684
Uhmw0003kup;Unelle халат махровый женский капучино Лена;46-48;Капучино;Халат махровый;Классический махровый;женский;1320
UhmW0015kup;Unelle халат махровый женский короткий Chloe капучино;46-48;капучино;Халат махровый;Классический махровый;женский;788
Uhvw0008kap;Unelle халат вафельный женский Adele капучино;46-48;Капучино;Халат вафельный;Дизайнерский вафельный;женский;975
UhmW0011lav;Unelle халат махровый женский Nina Richi Rose lilac Лена;46-48;лаванда;Халат махровый;Дизайнерский махровый;женский;1139
UhmW0014lat;Unelle халат махра-велюр женский латте;46-48;латте;Халат махровый;Дизайнерский махровый;женский;1347
Uhvw0008milk;Unelle халат вафельный женский Adele молочный;46-48;молочный;Халат вафельный;Дизайнерский вафельный;женский;958
UhmW0008mol/gol;Unelle халат махровый женский в узкую полоску молочный/голубой Лена;46-48;молочный голубой;Халат махровый;Дизайнерский махровый;женский;1302
UhmW0012mol/gol;Unelle халат махровый женский с капюшоном в узкую полоску молочно-голубой Лена;46-48;молочный голубой;Халат махровый;Дизайнерский махровый;женский;1517
Uhvw0013mol-graf;Unelle халат жаккардовый женский Terry молочно-графитовый;46-48;молочный графитовый;Халат вафельный;Дизайнерский вафельный;женский;1192
Uhvw0014mol-graf;Unelle халат жаккардовый женский короткий Terry молочно-графитовый;46-48;молочный графитовый;Халат вафельный;Дизайнерский вафельный;женский;793
UhmW0008mol/roz;Unelle халат махровый женский в узкую полоску молочный/розовый Лена;46-48;молочный розовый;Халат махровый;Дизайнерский махровый;женский;1395
UhvW0003mint;Unelle халат вафельный женский с капюшоном мятный;46-48;мятный;Халат вафельный;Классический вафельный;женский;926
Uhvw0004mint;Unelle халат вафельный женский мятный;46-48;Мятный;Халат вафельный;Классический вафельный;женский;675
Uhmw006pbir;Unelle халат махровый женский пыльная бирюза с белым кантом Леша;46-48;пыльно-бирюзовый;Халат махровый;Дизайнерский махровый;женский;1772
UhmW0001pbor;Unelle халат махровый женский с капюшоном пыльно-бордовый Лена;46-48;пыльно-бордовый;Халат махровый;Классический махровый;женский;1565
UhmW0015proz;Unelle халат махровый женский короткий Chloe пыльно-розовый;46-48;пыльно-розовый;Халат махровый;Классический махровый;женский;788
Uhmw006proz;Unelle халат махровый женский пыльная роза с черным кантом Леша;46-48;пыльно-розовый;Халат махровый;Дизайнерский махровый;женский;1785
Uhvw0004ser-kor;Unelle халат вафельный женский серо-коричневый;46-48;Серо-коричневый;Халат вафельный;Классический вафельный;женский;664
UhmW0001ser;Unelle халат махровый женский с капюшоном серый Лена;46-48;серый;Халат махровый;Классический махровый;женский;1619
Uhmw0003ser;Unelle халат махровый женский серый Лена;46-48;серый;Халат махровый;Классический махровый;женский;1130
UhmW0011ser;Unelle халат махровый женский Nina Richi Pale Gray Лена;46-48;серый;Халат махровый;Дизайнерский махровый;женский;1137
Uhvw0007ser;Unelle халат вафельный женский серый с черным кантом;46-48;серый;Халат вафельный;Дизайнерский вафельный;женский;693
Uhvw0008ser;Unelle халат вафельный женский Adele серый;46-48;серый;Халат вафельный;Дизайнерский вафельный;женский;975
UhmW0011sir;Unelle халат махровый женский Nina Richi Cowberry Лена;46-48;сиреневый;Халат махровый;Дизайнерский махровый;женский;1145
Uhvw0008sir;Unelle халат вафельный женский Adele сиреневый;46-48;Сиреневый;Халат вафельный;Дизайнерский вафельный;женский;977
Uhmw0003maslo;Unelle халат махровый женский сливочное масло;46-48;сливочное масло;Халат махровый;Классический махровый;женский;1201
UhmW0015maslo;Unelle халат махровый женский короткий Chloe сливочное масло;46-48;сливочное масло;Халат махровый;Классический махровый;женский;788
Uhvw0015tser;Unelle халат вафельный женский короткий темно-серый;46-48;темно-серый;Халат вафельный;Классический вафельный;женский;519
Uhmw006tsin;Unelle халат махровый женский темно-синий с белым кантом Леша;46-48;темно-синий;Халат махровый;Дизайнерский махровый;женский;1818
Uhvw0007cher;Unelle халат вафельный женский черный с белым кантом;46-48;черный;Халат вафельный;Дизайнерский вафельный;женский;740
UhvW0003bakl;Unelle халат вафельный женский с капюшоном баклажановый;50-52;баклажан;Халат вафельный;Классический вафельный;женский;935
Uhmw0003beig;Unelle халат махровый женский бежевый Лена;50-52;бежевый;Халат махровый;Классический махровый;женский;1187
Uhvw0007bezh;Unelle халат вафельный женский бежевый с черным кантом;50-52;бежевый;Халат вафельный;Дизайнерский вафельный;женский;730
Uhmw0003bel;Unelle халат махровый женский белый Лена;50-52;белый;Халат махровый;Классический махровый;женский;1422
UhmW0014bel;Unelle халат махра-велюр женский белый;50-52;белый;Халат махровый;Дизайнерский махровый;женский;1427
UhvW0003bel;Unelle халат вафельный женский с капюшоном белый;50-52;белый;Халат вафельный;Классический вафельный;женский;937
Uhvw0012bel-zel;Unelle халат вафельный женский Olivia;50-52;белый зеленый;Халат вафельный;Дизайнерский вафельный;женский;821
Uhvw0007gol;Unelle халат вафельный женский голубой с бежевым кантом;50-52;Голубой;Халат вафельный;Дизайнерский вафельный;женский;727
UhmM0009graf;Unelle халат махра-велюр мужской с капюшоном графитовый Лена;50-52;графитовый;Халат махровый;Классический махровый;мужской;1773
Uhmm0010graf;Unelle халат махровый мужской графитовый Лена;50-52;графитовый;Халат махровый;Классический махровый;мужской;1481
UhvM0003graf;Unelle халат вафельный мужской с капюшоном графитовый;50-52;графитовый;Халат вафельный;Классический вафельный;мужской;977
Uhvm0007graf;Unelle халат вафельный мужской графитовый с белым кантом;50-52;графитовый;Халат вафельный;Дизайнерский вафельный;мужской;775
Uhmm0010zelcamouf;Unelle халат махровый мужской камуфляжный зеленый Лена;50-52;зеленый;Халат махровый;Дизайнерский махровый;муж;1451
Uhmw0003izu;Unelle халат махровый женский изумрудный Лена;50-52;Изумрудный;Халат махровый;Классический махровый;женский;1228
UhmW0001kup;Unelle халат махровый женский с капюшоном капучино Лена;50-52;капучино;Халат махровый;Классический махровый;женский;1631
Uhmw0003kup;Unelle халат махровый женский капучино Лена;50-52;Капучино;Халат махровый;Классический махровый;женский;1323
Uhvw0008kap;Unelle халат вафельный женский Adele капучино;50-52;Капучино;Халат вафельный;Дизайнерский вафельный;женский;1027
UhmW0014lat;Unelle халат махра-велюр женский латте;50-52;латте;Халат махровый;Дизайнерский махровый;женский;1428
Uhvw0008milk;Unelle халат вафельный женский Adele молочный;50-52;молочный;Халат вафельный;Дизайнерский вафельный;женский;1006
UhmW0008mol/gol;Unelle халат махровый женский в узкую полоску молочный/голубой Лена;50-52;молочный голубой;Халат махровый;Дизайнерский махровый;женский;1370
UhmW0012mol/gol;Unelle халат махровый женский с капюшоном в узкую полоску молочно-голубой Лена;50-52;молочный голубой;Халат махровый;Дизайнерский махровый;женский;1584
Uhvw0013mol-graf;Unelle халат жаккардовый женский Terry молочно-графитовый;50-52;молочный графитовый;Халат вафельный;Дизайнерский вафельный;женский;1248
UhmW0008mol/roz;Unelle халат махровый женский в узкую полоску молочный/розовый Лена;50-52;молочный розовый;Халат махровый;Дизайнерский махровый;женский;1467
UhvW0003mint;Unelle халат вафельный женский с капюшоном мятный;50-52;мятный;Халат вафельный;Классический вафельный;женский;943
Uhvw0004mint;Unelle халат вафельный женский мятный;50-52;Мятный;Халат вафельный;Классический вафельный;женский;717
Uhmw006pbir;Unelle халат махровый женский пыльная бирюза с белым кантом Леша;50-52;пыльно-бирюзовый;Халат махровый;Дизайнерский махровый;женский;1816
UhmW0001pbor;Unelle халат махровый женский с капюшоном пыльно-бордовый Лена;50-52;пыльно-бордовый;Халат махровый;Классический махровый;женский;1569
Uhmw006proz;Unelle халат махровый женский пыльная роза с черным кантом Леша;50-52;пыльно-розовый;Халат махровый;Дизайнерский махровый;женский;1790
Uhvm0007ser-kor;Unelle халат вафельный мужской серо-коричневый с черным кантом;50-52;Серо-коричневый;Халат вафельный;Дизайнерский вафельный;мужской;759
Uhvw0004ser-kor;Unelle халат вафельный женский серо-коричневый;50-52;Серо-коричневый;Халат вафельный;Классический вафельный;женский;701
UhmW0001ser;Unelle халат махровый женский с капюшоном серый Лена;50-52;серый;Халат махровый;Классический махровый;женский;1643
Uhmw0003ser;Unelle халат махровый женский серый Лена;50-52;серый;Халат махровый;Классический махровый;женский;1187
Uhvw0007ser;Unelle халат вафельный женский серый с черным кантом;50-52;серый;Халат вафельный;Дизайнерский вафельный;женский;725
Uhvw0008ser;Unelle халат вафельный женский Adele серый;50-52;серый;Халат вафельный;Дизайнерский вафельный;женский;1031
Uhvw0008sir;Unelle халат вафельный женский Adele сиреневый;50-52;Сиреневый;Халат вафельный;Дизайнерский вафельный;женский;1027
Uhmw0003maslo;Unelle халат махровый женский сливочное масло;50-52;сливочное масло;Халат махровый;Классический махровый;женский;1232
Uhmm0010tzel;Unelle халат махровый мужской темно-зелёный Лена;50-52;темно-зелёный;Халат махровый;Классический махровый;мужской;1495
UhmM0009tsin;Unelle халат махра-велюр мужской с капюшоном темно-синий Лена;50-52;темно-синий;Халат махровый;Классический махровый;мужской;1781
Uhmm0010tsin;Unelle халат махровый мужской темно-синий Лена;50-52;темно-синий;Халат махровый;Классический махровый;мужской;1435
Uhmw006tsin;Unelle халат махровый женский темно-синий с белым кантом Леша;50-52;темно-синий;Халат махровый;Дизайнерский махровый;женский;1823
UhvM0003tsin;Unelle халат вафельный мужской с капюшоном темно-синий;50-52;темно-синий;Халат вафельный;Классический вафельный;мужской;946
Uhvm0007sin;Unelle халат вафельный мужской синий с белым кантом;50-52;темно-синий;Халат вафельный;Дизайнерский вафельный;мужской;764
Uhvw0007cher;Unelle халат вафельный женский черный с белым кантом;50-52;черный;Халат вафельный;Дизайнерский вафельный;женский;778
Uhmw0003beig;Unelle халат махровый женский бежевый Лена;54-56;бежевый;Халат махровый;Классический махровый;женский;1251
Uhmw0003bel;Unelle халат махровый женский белый Лена;54-56;белый;Халат махровый;Классический махровый;женский;1437
UhmM0009graf;Unelle халат махра-велюр мужской с капюшоном графитовый Лена;54-56;графитовый;Халат махровый;Классический махровый;мужской;1746
Uhmm0010graf;Unelle халат махровый мужской графитовый Лена;54-56;графитовый;Халат махровый;Классический махровый;мужской;1604
UhvM0003graf;Unelle халат вафельный мужской с капюшоном графитовый;54-56;графитовый;Халат вафельный;Классический вафельный;мужской;997
Uhvm0007graf;Unelle халат вафельный мужской графитовый с белым кантом;54-56;графитовый;Халат вафельный;Дизайнерский вафельный;мужской;814
Uhmm0010zelcamouf;Unelle халат махровый мужской камуфляжный зеленый Лена;54-56;зеленый;Халат махровый;Дизайнерский махровый;муж;1532
Uhmw0003izu;Unelle халат махровый женский изумрудный Лена;54-56;Изумрудный;Халат махровый;Классический махровый;женский;1296
Uhmw0003kup;Unelle халат махровый женский капучино Лена;54-56;Капучино;Халат махровый;Классический махровый;женский;1344
Uhvw0013mol-graf;Unelle халат жаккардовый женский Terry молочно-графитовый;54-56;молочный графитовый;Халат вафельный;Дизайнерский вафельный;женский;1303
Uhvm0007ser-kor;Unelle халат вафельный мужской серо-коричневый с черным кантом;54-56;Серо-коричневый;Халат вафельный;Дизайнерский вафельный;мужской;797
Uhmw0003ser;Unelle халат махровый женский серый Лена;54-56;серый;Халат махровый;Классический махровый;женский;1251
Uhmm0010tzel;Unelle халат махровый мужской темно-зелёный Лена;54-56;темно-зелёный;Халат махровый;Классический махровый;мужской;1582
UhmM0009tsin;Unelle халат махра-велюр мужской с капюшоном темно-синий Лена;54-56;темно-синий;Халат махровый;Классический махровый;мужской;1820
Uhmm0010tsin;Unelle халат махровый мужской темно-синий Лена;54-56;темно-синий;Халат махровый;Классический махровый;мужской;1577
UhvM0003tsin;Unelle халат вафельный мужской с капюшоном темно-синий;54-56;темно-синий;Халат вафельный;Классический вафельный;мужской;969
Uhvm0007sin;Unelle халат вафельный мужской синий с белым кантом;54-56;темно-синий;Халат вафельный;Дизайнерский вафельный;мужской;794
Uhmw0003beig;Unelle халат махровый женский бежевый Лена;58-60;бежевый;Халат махровый;Классический махровый;женский;1366
Uhmw0003bel;Unelle халат махровый женский белый Лена;58-60;белый;Халат махровый;Классический махровый;женский;1562
Uhvw0001bel;Unelle халат вафельный женский белый гиг;58-60;белый;Халат вафельный;Классический вафельный;женский;743
UhmM0009graf;Unelle халат махра-велюр мужской с капюшоном графитовый Лена;58-60;графитовый;Халат махровый;Классический махровый;мужской;1795
Uhmm0010graf;Unelle халат махровый мужской графитовый Лена;58-60;графитовый;Халат махровый;Классический махровый;мужской;1588
UhvM0003graf;Unelle халат вафельный мужской с капюшоном графитовый;58-60;графитовый;Халат вафельный;Классический вафельный;мужской;1009
Uhvm0002graf;Unelle халат вафельный мужской графитовый гиг;58-60;графитовый;Халат вафельный;Классический вафельный;мужской;819
Uhvm0007graf;Unelle халат вафельный мужской графитовый с белым кантом;58-60;графитовый;Халат вафельный;Дизайнерский вафельный;мужской;848
Uhvw0001graf;Unelle халат вафельный женский графитовый гиг;58-60;графитовый;Халат вафельный;Классический вафельный;женский;808
Uhmw0003kup;Unelle халат махровый женский капучино Лена;58-60;Капучино;Халат махровый;Классический махровый;женский;1462
Uhvw0013mol-graf;Unelle халат жаккардовый женский Terry молочно-графитовый;58-60;молочный графитовый;Халат вафельный;Дизайнерский вафельный;женский;1359
Uhvm0007ser-kor;Unelle халат вафельный мужской серо-коричневый с черным кантом;58-60;Серо-коричневый;Халат вафельный;Дизайнерский вафельный;мужской;839
Uhmm0010tzel;Unelle халат махровый мужской темно-зелёный Лена;58-60;темно-зелёный;Халат махровый;Классический махровый;мужской;1643
UhmM0009tsin;Unelle халат махра-велюр мужской с капюшоном темно-синий Лена;58-60;темно-синий;Халат махровый;Классический махровый;мужской;1849
Uhmm0010tsin;Unelle халат махровый мужской темно-синий Лена;58-60;темно-синий;Халат махровый;Классический махровый;мужской;1538
UhvM0003tsin;Unelle халат вафельный мужской с капюшоном темно-синий;58-60;темно-синий;Халат вафельный;Классический вафельный;мужской;1003
Uhvm0002sin;Unelle халат вафельный мужской темно-синий гиг;58-60;темно-синий;Халат вафельный;Классический вафельный;мужской;832
Uhvm0007sin;Unelle халат вафельный мужской синий с белым кантом;58-60;темно-синий;Халат вафельный;Дизайнерский вафельный;мужской;835
Uhmw0003beig;Unelle халат махровый женский бежевый Лена;62-64;бежевый;Халат махровый;Классический махровый;женский;1446
Uhmw0003bel;Unelle халат махровый женский белый Лена;62-64;белый;Халат махровый;Классический махровый;женский;1513
ХалатВафЖенбелый;Unelle халат вафельный женский белый;62-64;белый;Халат вафельный;Классический вафельный;женский;794
Uhvw0001bel;Unelle халат вафельный женский белый гиг;62-64;белый;Халат вафельный;Классический вафельный;женский;783
Uhvm0002graf;Unelle халат вафельный мужской графитовый гиг;62-64;графитовый;Халат вафельный;Классический вафельный;мужской;861
Uhvw0001graf;Unelle халат вафельный женский графитовый гиг;62-64;графитовый;Халат вафельный;Классический вафельный;женский;835
ХалатВаф/серый;Unelle халат вафельный мужской серый;62-64;серый;Халат вафельный;Классический вафельный;мужской;830
ХалатВафЖенсерый;Unelle халат вафельный женский серый;62-64;серый;Халат вафельный;Классический вафельный;женский;796
ХалатВаф/темно-синий;Unelle халат вафельный мужской темно-синий;62-64;темно-синий;Халат вафельный;Классический вафельный;мужской;854
Uhvm0002sin;Unelle халат вафельный мужской темно-синий гиг;62-64;темно-синий;Халат вафельный;Классический вафельный;мужской;868
Uhmw0003beig;Unelle халат махровый женский бежевый Лена;66-68;бежевый;Халат махровый;Классический махровый;женский;1578
Uhmw0003bel;Unelle халат махровый женский белый Лена;66-68;белый;Халат махровый;Классический махровый;женский;1578
ХалатВафЖенбелый;Unelle халат вафельный женский белый;66-68;белый;Халат вафельный;Классический вафельный;женский;811
Uhvw0001bel;Unelle халат вафельный женский белый гиг;66-68;белый;Халат вафельный;Классический вафельный;женский;813
Uhvm0002graf;Unelle халат вафельный мужской графитовый гиг;66-68;графитовый;Халат вафельный;Классический вафельный;мужской;891
Uhvw0001graf;Unelle халат вафельный женский графитовый гиг;66-68;графитовый;Халат вафельный;Классический вафельный;женский;838
ХалатВаф/серый;Unelle халат вафельный мужской серый;66-68;серый;Халат вафельный;Классический вафельный;мужской;859
ХалатВафЖенсерый;Unelle халат вафельный женский серый;66-68;серый;Халат вафельный;Классический вафельный;женский;826
ХалатВаф/темно-синий;Unelle халат вафельный мужской темно-синий;66-68;темно-синий;Халат вафельный;Классический вафельный;мужской;889
Uhvm0002sin;Unelle халат вафельный мужской темно-синий гиг;66-68;темно-синий;Халат вафельный;Классический вафельный;мужской;909
ХалатВафЖенбелый;Unelle халат вафельный женский белый;70-72;белый;Халат вафельный;Классический вафельный;женский;847
Uhvw0001bel;Unelle халат вафельный женский белый гиг;70-72;белый;Халат вафельный;Классический вафельный;женский;852
Uhvm0002graf;Unelle халат вафельный мужской графитовый гиг;70-72;графитовый;Халат вафельный;Классический вафельный;мужской;933
Uhvw0001graf;Unelle халат вафельный женский графитовый гиг;70-72;графитовый;Халат вафельный;Классический вафельный;женский;892
ХалатВаф/серый;Unelle халат вафельный мужской серый;70-72;серый;Халат вафельный;Классический вафельный;мужской;886
ХалатВафЖенсерый;Unelle халат вафельный женский серый;70-72;серый;Халат вафельный;Классический вафельный;женский;870
ХалатВаф/темно-синий;Unelle халат вафельный мужской темно-синий;70-72;темно-синий;Халат вафельный;Классический вафельный;мужской;917
Uhvm0002sin;Unelle халат вафельный мужской темно-синий гиг;70-72;темно-синий;Халат вафельный;Классический вафельный;мужской;946
UhvDet0002mint;Unelle халат вафельный детский с вышивкой мятный Лена;92-98;мятный;Халат вафельный;Детский вафельный;дети;481
UhvDet0002sroz;Unelle халат вафельный детский с вышивкой светло-розовый Лена;92-98;светло-розовый;Халат вафельный;Детский вафельный;дети;496
UhvDet0002sin;Unelle халат вафельный детский с капюшоном и вышивкой синий Лена;92-98;синий;Халат вафельный;Детский вафельный;дети;515
