Артикул;Наименование;Размер;Цвет;Категория;Подкатегория;пол;Продажи, шт;Продажи, руб.
UhmM0009graf;халат махра-велюр мужской с капюшоном графитовый ;50-52;графитовый;Халат махровый;Классический махровый;мужской;106;572843
UhmM0009graf;халат махра-велюр мужской с капюшоном графитовый ;54-56;графитовый;Халат махровый;Классический махровый;мужской;92;490458
UhmM0009graf;халат махра-велюр мужской с капюшоном графитовый ;58-60;графитовый;Халат махровый;Классический махровый;мужской;46;253835
UhmM0009tsin;халат махра-велюр мужской с капюшоном темно-синий ;50-52;темно-синий;Халат махровый;Классический махровый;мужской;149;807025
UhmM0009tsin;халат махра-велюр мужской с капюшоном темно-синий ;54-56;темно-синий;Халат махровый;Классический махровый;мужской;120;659750
UhmM0009tsin;халат махра-велюр мужской с капюшоном темно-синий ;58-60;темно-синий;Халат махровый;Классический махровый;мужской;72;396639
Uhmm0010graf;халат махровый мужской графитовый ;50-52;графитовый;Халат махровый;Классический махровый;мужской;272;1440280
Uhmm0010graf;халат махровый мужской графитовый ;54-56;графитовый;Халат махровый;Классический махровый;мужской;271;1435601
Uhmm0010graf;халат махровый мужской графитовый ;58-60;графитовый;Халат махровый;Классический махровый;мужской;116;611816
Uhmm0010tzel;халат махровый мужской темно-зелёный ;50-52;темно-зелёный;Халат махровый;Классический махровый;мужской;121;629135
Uhmm0010tzel;халат махровый мужской темно-зелёный ;54-56;темно-зелёный;Халат махровый;Классический махровый;мужской;128;670652
Uhmm0010tzel;халат махровый мужской темно-зелёный ;58-60;темно-зелёный;Халат махровый;Классический махровый;мужской;73;381870
Uhmm0010tsin;халат махровый мужской темно-синий ;50-52;темно-синий;Халат махровый;Классический махровый;мужской;126;668415
Uhmm0010tsin;халат махровый мужской темно-синий ;54-56;темно-синий;Халат махровый;Классический махровый;мужской;140;765001
Uhmm0010tsin;халат махровый мужской темно-синий ;58-60;темно-синий;Халат махровый;Классический махровый;мужской;71;377946
Uhmm0010zelcamouf;халат махровый мужской камуфляжный зеленый ;50-52;зеленый;Халат махровый;Дизайнерский махровый;муж;11;63855
Uhmm0010zelcamouf;халат махровый мужской камуфляжный зеленый ;54-56;зеленый;Халат махровый;Дизайнерский махровый;муж;11;63779
UhmW0001kup;халат махровый женский с капюшоном капучино ;42-44;капучино;Халат махровый;Классический махровый;женский;198;1006417
UhmW0001kup;халат махровый женский с капюшоном капучино ;46-48;капучино;Халат махровый;Классический махровый;женский;234;1204207
UhmW0001kup;халат махровый женский с капюшоном капучино ;50-52;капучино;Халат махровый;Классический махровый;женский;200;1021910
UhmW0001pbor;халат махровый женский с капюшоном пыльно-бордовый ;42-44;пыльно-бордовый;Халат махровый;Классический махровый;женский;81;377361
UhmW0001pbor;халат махровый женский с капюшоном пыльно-бордовый ;46-48;пыльно-бордовый;Халат махровый;Классический махровый;женский;136;631777
UhmW0001pbor;халат махровый женский с капюшоном пыльно-бордовый ;50-52;пыльно-бордовый;Халат махровый;Классический махровый;женский;133;618361
UhmW0001ser;халат махровый женский с капюшоном серый ;42-44;серый;Халат махровый;Классический махровый;женский;95;451361
UhmW0001ser;халат махровый женский с капюшоном серый ;46-48;серый;Халат махровый;Классический махровый;женский;106;500566
UhmW0001ser;халат махровый женский с капюшоном серый ;50-52;серый;Халат махровый;Классический махровый;женский;86;419730
Халат1беж;халат махровый женский бежевый ;42;бежевый;Халат махровый;Классический махровый;женский;44;219061
Халат1беж;халат махровый женский бежевый ;44;бежевый;Халат махровый;Классический махровый;женский;85;420458
Халат1беж;халат махровый женский бежевый ;46;бежевый;Халат махровый;Классический махровый;женский;97;484614
Халат1беж;халат махровый женский бежевый ;48;бежевый;Халат махровый;Классический махровый;женский;62;307849
Халат1беж;халат махровый женский бежевый ;50;бежевый;Халат махровый;Классический махровый;женский;37;186702
Халат1беж;халат махровый женский бежевый ;52;бежевый;Халат махровый;Классический махровый;женский;30;146766
Халат1беж;халат махровый женский бежевый ;54;бежевый;Халат махровый;Классический махровый;женский;32;157518
Халат1беж;халат махровый женский бежевый ;56;бежевый;Халат махровый;Классический махровый;женский;25;121721
Халат1беж;халат махровый женский бежевый ;58;бежевый;Халат махровый;Классический махровый;женский;9;43374
Халат1беж;халат махровый женский бежевый ;60;бежевый;Халат махровый;Классический махровый;женский;17;83860
Uhmw0003beig;халат махровый женский бежевый ;42-44;бежевый;Халат махровый;Классический махровый;женский;92;359049
Uhmw0003beig;халат махровый женский бежевый ;46-48;бежевый;Халат махровый;Классический махровый;женский;116;451143
Uhmw0003beig;халат махровый женский бежевый ;50-52;бежевый;Халат махровый;Классический махровый;женский;76;299562
Uhmw0003beig;халат махровый женский бежевый ;54-56;бежевый;Халат махровый;Классический махровый;женский;43;169487
Uhmw0003beig;халат махровый женский бежевый ;58-60;бежевый;Халат махровый;Классический махровый;женский;11;45375
Uhmw0003beig;халат махровый женский бежевый ;62-64;бежевый;Халат махровый;Классический махровый;женский;11;46350
Uhmw0003beig;халат махровый женский бежевый ;66-68;бежевый;Халат махровый;Классический махровый;женский;2;9630
Халат1белый;халат махровый женский белый ;42;белый;Халат махровый;Классический махровый;женский;445;2124182
Халат1белый;халат махровый женский белый ;44;белый;Халат махровый;Классический махровый;женский;669;3213264
Халат1белый;халат махровый женский белый ;46;белый;Халат махровый;Классический махровый;женский;666;3191829
Халат1белый;халат махровый женский белый ;48;белый;Халат махровый;Классический махровый;женский;414;1984232
Халат1белый;халат махровый женский белый ;50;белый;Халат махровый;Классический махровый;женский;208;999004
Халат1белый;халат махровый женский белый ;52;белый;Халат махровый;Классический махровый;женский;125;609746
Халат1белый;халат махровый женский белый ;54;белый;Халат махровый;Классический махровый;женский;117;568449
Халат1белый;халат махровый женский белый ;56;белый;Халат махровый;Классический махровый;женский;71;336082
Халат1белый;халат махровый женский белый ;58;белый;Халат махровый;Классический махровый;женский;45;213866
Халат1белый;халат махровый женский белый ;60;белый;Халат махровый;Классический махровый;женский;56;267553
Uhmw0003bel;халат махровый женский белый ;42-44;белый;Халат махровый;Классический махровый;женский;353;1710948
Uhmw0003bel;халат махровый женский белый ;46-48;белый;Халат махровый;Классический махровый;женский;370;1810851
Uhmw0003bel;халат махровый женский белый ;50-52;белый;Халат махровый;Классический махровый;женский;147;707115
Uhmw0003bel;халат махровый женский белый ;54-56;белый;Халат махровый;Классический махровый;женский;86;418516
Uhmw0003bel;халат махровый женский белый ;58-60;белый;Халат махровый;Классический махровый;женский;51;251817
Uhmw0003bel;халат махровый женский белый ;62-64;белый;Халат махровый;Классический махровый;женский;5;31109
Uhmw0003bel;халат махровый женский белый ;66-68;белый;Халат махровый;Классический махровый;женский;5;31637
Халат1бордо;халат махровый женский бордовый ;42;бордовый;Халат махровый;Классический махровый;женский;52;254573
Халат1бордо;халат махровый женский бордовый ;44;бордовый;Халат махровый;Классический махровый;женский;83;408448
Халат1бордо;халат махровый женский бордовый ;46;бордовый;Халат махровый;Классический махровый;женский;93;451104
Халат1бордо;халат махровый женский бордовый ;48;бордовый;Халат махровый;Классический махровый;женский;109;524679
Халат1бордо;халат махровый женский бордовый ;50;бордовый;Халат махровый;Классический махровый;женский;98;480095
Халат1бордо;халат махровый женский бордовый ;52;бордовый;Халат махровый;Классический махровый;женский;81;393987
Халат1бордо;халат махровый женский бордовый ;54;бордовый;Халат махровый;Классический махровый;женский;71;343819
Халат1бордо;халат махровый женский бордовый ;56;бордовый;Халат махровый;Классический махровый;женский;85;419856
Халат1изумрудный;халат махровый женский изумрудный ;42;Изумрудный;Халат махровый;Классический махровый;женский;35;169709
Халат1изумрудный;халат махровый женский изумрудный ;44;Изумрудный;Халат махровый;Классический махровый;женский;54;258113
Халат1изумрудный;халат махровый женский изумрудный ;46;Изумрудный;Халат махровый;Классический махровый;женский;59;289541
Халат1изумрудный;халат махровый женский изумрудный ;48;Изумрудный;Халат махровый;Классический махровый;женский;67;328081
Халат1изумрудный;халат махровый женский изумрудный ;50;Изумрудный;Халат махровый;Классический махровый;женский;89;442575
Халат1изумрудный;халат махровый женский изумрудный ;52;Изумрудный;Халат махровый;Классический махровый;женский;72;347960
Халат1изумрудный;халат махровый женский изумрудный ;54;Изумрудный;Халат махровый;Классический махровый;женский;59;289205
Халат1изумрудный;халат махровый женский изумрудный ;56;Изумрудный;Халат махровый;Классический махровый;женский;73;356319
Uhmw0003izu;халат махровый женский изумрудный ;42-44;Изумрудный;Халат махровый;Классический махровый;женский;129;560423
Uhmw0003izu;халат махровый женский изумрудный ;46-48;Изумрудный;Халат махровый;Классический махровый;женский;210;913628
Uhmw0003izu;халат махровый женский изумрудный ;50-52;Изумрудный;Халат махровый;Классический махровый;женский;147;643341
Uhmw0003izu;халат махровый женский изумрудный ;54-56;Изумрудный;Халат махровый;Классический махровый;женский;78;341195
Халат1kup;халат махровый женский капучино ;42;Капучино;Халат махровый;Классический махровый;женский;59;281801
Халат1kup;халат махровый женский капучино ;44;Капучино;Халат махровый;Классический махровый;женский;142;679037
Халат1kup;халат махровый женский капучино ;46;Капучино;Халат махровый;Классический махровый;женский;150;692274
Халат1kup;халат махровый женский капучино ;48;Капучино;Халат махровый;Классический махровый;женский;113;524666
Халат1kup;халат махровый женский капучино ;50;Капучино;Халат махровый;Классический махровый;женский;78;373879
Халат1kup;халат махровый женский капучино ;52;Капучино;Халат махровый;Классический махровый;женский;86;391525
Халат1kup;халат махровый женский капучино ;54;Капучино;Халат махровый;Классический махровый;женский;49;232764
Халат1kup;халат махровый женский капучино ;56;Капучино;Халат махровый;Классический махровый;женский;42;197185
Халат1kup;халат махровый женский капучино ;58;Капучино;Халат махровый;Классический махровый;женский;55;261098
Халат1kup;халат махровый женский капучино ;60;Капучино;Халат махровый;Классический махровый;женский;71;336901
Uhmw0003kup;халат махровый женский капучино ;42-44;Капучино;Халат махровый;Классический махровый;женский;204;914892
Uhmw0003kup;халат махровый женский капучино ;46-48;Капучино;Халат махровый;Классический махровый;женский;261;1134916
Uhmw0003kup;халат махровый женский капучино ;50-52;Капучино;Халат махровый;Классический махровый;женский;180;790689
Uhmw0003kup;халат махровый женский капучино ;54-56;Капучино;Халат махровый;Классический махровый;женский;119;511785
Uhmw0003kup;халат махровый женский капучино ;58-60;Капучино;Халат махровый;Классический махровый;женский;105;451076
Халат1персик;халат махровый женский персиковый ;42;персиковый;Халат махровый;Классический махровый;женский;98;484854
Халат1персик;халат махровый женский персиковый ;44;персиковый;Халат махровый;Классический махровый;женский;158;777947
Халат1персик;халат махровый женский персиковый ;46;персиковый;Халат махровый;Классический махровый;женский;183;901163
Халат1персик;халат махровый женский персиковый ;48;персиковый;Халат махровый;Классический махровый;женский;178;872359
Халат1персик;халат махровый женский персиковый ;50;персиковый;Халат махровый;Классический махровый;женский;128;630536
Халат1персик;халат махровый женский персиковый ;52;персиковый;Халат махровый;Классический махровый;женский;92;454933
Халат1персик;халат махровый женский персиковый ;54;персиковый;Халат махровый;Классический махровый;женский;65;320435
Халат1персик;халат махровый женский персиковый ;56;персиковый;Халат махровый;Классический махровый;женский;63;316100
Халат1персик;халат махровый женский персиковый ;58;персиковый;Халат махровый;Классический махровый;женский;2;9736
Халат1персик;халат махровый женский персиковый ;60;персиковый;Халат махровый;Классический махровый;женский;2;9798
Халат1серый;халат махровый женский серый ;42;серый;Халат махровый;Классический махровый;женский;46;229762
Халат1серый;халат махровый женский серый ;44;серый;Халат махровый;Классический махровый;женский;95;476247
Халат1серый;халат махровый женский серый ;46;серый;Халат махровый;Классический махровый;женский;114;585344
Халат1серый;халат махровый женский серый ;48;серый;Халат махровый;Классический махровый;женский;107;530809
Халат1серый;халат махровый женский серый ;50;серый;Халат махровый;Классический махровый;женский;85;411382
Халат1серый;халат махровый женский серый ;52;серый;Халат махровый;Классический махровый;женский;51;256508
Халат1серый;халат махровый женский серый ;54;серый;Халат махровый;Классический махровый;женский;63;315430
Халат1серый;халат махровый женский серый ;56;серый;Халат махровый;Классический махровый;женский;37;184688
Uhmw0003ser;халат махровый женский серый ;42-44;серый;Халат махровый;Классический махровый;женский;126;515259
Uhmw0003ser;халат махровый женский серый ;46-48;серый;Халат махровый;Классический махровый;женский;164;670003
Uhmw0003ser;халат махровый женский серый ;50-52;серый;Халат махровый;Классический махровый;женский;107;431267
Uhmw0003ser;халат махровый женский серый ;54-56;серый;Халат махровый;Классический махровый;женский;63;259922
Халат1сиреневый;халат махровый женский сиреневый ;42;сиреневый;Халат махровый;Классический махровый;женский;49;241420
Халат1сиреневый;халат махровый женский сиреневый ;44;сиреневый;Халат махровый;Классический махровый;женский;95;466651
Халат1сиреневый;халат махровый женский сиреневый ;46;сиреневый;Халат махровый;Классический махровый;женский;113;547315
Халат1сиреневый;халат махровый женский сиреневый ;48;сиреневый;Халат махровый;Классический махровый;женский;97;479323
Халат1сиреневый;халат махровый женский сиреневый ;50;сиреневый;Халат махровый;Классический махровый;женский;96;473153
Халат1сиреневый;халат махровый женский сиреневый ;52;сиреневый;Халат махровый;Классический махровый;женский;94;460144
Халат1сиреневый;халат махровый женский сиреневый ;54;сиреневый;Халат махровый;Классический махровый;женский;114;553244
Халат1сиреневый;халат махровый женский сиреневый ;56;сиреневый;Халат махровый;Классический махровый;женский;88;428102
Uhmw0003sir;халат махровый женский сиреневый ;42;сиреневый;Халат махровый;Классический махровый;женский;28;108659
Uhmw0003sir;халат махровый женский сиреневый ;44;сиреневый;Халат махровый;Классический махровый;женский;77;307543
Uhmw0003sir;халат махровый женский сиреневый ;46;сиреневый;Халат махровый;Классический махровый;женский;100;396851
Uhmw0003sir;халат махровый женский сиреневый ;48;сиреневый;Халат махровый;Классический махровый;женский;96;382629
Uhmw0003sir;халат махровый женский сиреневый ;50;сиреневый;Халат махровый;Классический махровый;женский;86;347866
Uhmw0003sir;халат махровый женский сиреневый ;52;сиреневый;Халат махровый;Классический махровый;женский;85;339015
Uhmw0003sir;халат махровый женский сиреневый ;54;сиреневый;Халат махровый;Классический махровый;женский;89;353748
Uhmw0003sir;халат махровый женский сиреневый ;56;сиреневый;Халат махровый;Классический махровый;женский;76;300814
Uhmw0003maslo;халат махровый женский, сливочное масло;42-44;сливочное масло;Халат махровый;Классический махровый;женский;178;737263
Uhmw0003maslo;халат махровый женский, сливочное масло;46-48;сливочное масло;Халат махровый;Классический махровый;женский;248;1025942
Uhmw0003maslo;халат махровый женский, сливочное масло;50-52;сливочное масло;Халат махровый;Классический махровый;женский;189;801030
UhmW0015graf;халат махровый женский короткий Chloe, графитовый;42-44;графитовый;Халат махровый;Классический махровый;женский;140;458378
UhmW0015graf;халат махровый женский короткий Chloe, графитовый;46-48;графитовый;Халат махровый;Классический махровый;женский;93;303974
UhmW0015bel;халат махровый женский короткий Chloe, белый;42-44;белый;Халат махровый;Классический махровый;женский;14;50076
UhmW0015bel;халат махровый женский короткий Chloe, белый;46-48;белый;Халат махровый;Классический махровый;женский;10;34668
UhmW0015proz;халат махровый женский короткий Chloe, пыльно-розовый;42-44;пыльно-розовый;Халат махровый;Классический махровый;женский;24;84744
UhmW0015proz;халат махровый женский короткий Chloe, пыльно-розовый;46-48;пыльно-розовый;Халат махровый;Классический махровый;женский;16;57780
UhmW0015kup;халат махровый женский короткий Chloe, капучино;42-44;капучино;Халат махровый;Классический махровый;женский;67;207199
UhmW0015kup;халат махровый женский короткий Chloe, капучино;46-48;капучино;Халат махровый;Классический махровый;женский;63;194369
UhmW0015maslo;халат махровый женский короткий Chloe, сливочное масло;42-44;сливочное масло;Халат махровый;Классический махровый;женский;94;290430
UhmW0015maslo;халат махровый женский короткий Chloe, сливочное масло;46-48;сливочное масло;Халат махровый;Классический махровый;женский;97;302554
Uhmw006pbir;халат махровый женский пыльная бирюза с белым кантом ;42-44;пыльно-бирюзовый;Халат махровый;Дизайнерский махровый;женский;73;387060
Uhmw006pbir;халат махровый женский пыльная бирюза с белым кантом ;46-48;пыльно-бирюзовый;Халат махровый;Дизайнерский махровый;женский;153;802313
Uhmw006pbir;халат махровый женский пыльная бирюза с белым кантом ;50-52;пыльно-бирюзовый;Халат махровый;Дизайнерский махровый;женский;136;713649
Uhmw006proz;халат махровый женский пыльная роза с черным кантом ;42-44;пыльно-розовый;Халат махровый;Дизайнерский махровый;женский;77;412340
Uhmw006proz;халат махровый женский пыльная роза с черным кантом ;46-48;пыльно-розовый;Халат махровый;Дизайнерский махровый;женский;137;728725
Uhmw006proz;халат махровый женский пыльная роза с черным кантом ;50-52;пыльно-розовый;Халат махровый;Дизайнерский махровый;женский;113;599251
Uhmw006tsin;халат махровый женский темно-синий с белым кантом ;42-44;темно-синий;Халат махровый;Дизайнерский махровый;женский;74;408755
Uhmw006tsin;халат махровый женский темно-синий с белым кантом ;46-48;темно-синий;Халат махровый;Дизайнерский махровый;женский;60;320382
Uhmw006tsin;халат махровый женский темно-синий с белым кантом ;50-52;темно-синий;Халат махровый;Дизайнерский махровый;женский;86;461423
UhmW0008mol/gol;халат махровый женский в узкую полоску молочный/голубой ;42-44;молочный, голубой;Халат махровый;Дизайнерский махровый;женский;41;151249
UhmW0008mol/gol;халат махровый женский в узкую полоску молочный/голубой ;46-48;молочный, голубой;Халат махровый;Дизайнерский махровый;женский;60;229757
UhmW0008mol/gol;халат махровый женский в узкую полоску молочный/голубой ;50-52;молочный, голубой;Халат махровый;Дизайнерский махровый;женский;26;94592
UhmW0012mol/gol;халат махровый женский с капюшоном в узкую полоску молочно-голубой ;42-44;молочный, голубой;Халат махровый;Дизайнерский махровый;женский;27;125244
UhmW0012mol/gol;халат махровый женский с капюшоном в узкую полоску молочно-голубой ;46-48;молочный, голубой;Халат махровый;Дизайнерский махровый;женский;45;205970
UhmW0012mol/gol;халат махровый женский с капюшоном в узкую полоску молочно-голубой ;50-52;молочный, голубой;Халат махровый;Дизайнерский махровый;женский;25;122601
UhmW0008mol/roz;халат махровый женский в узкую полоску молочный/розовый ;42-44;молочный, розовый;Халат махровый;Дизайнерский махровый;женский;135;636684
UhmW0008mol/roz;халат махровый женский в узкую полоску молочный/розовый ;46-48;молочный, розовый;Халат махровый;Дизайнерский махровый;женский;131;606498
UhmW0008mol/roz;халат махровый женский в узкую полоску молочный/розовый ;50-52;молочный, розовый;Халат махровый;Дизайнерский махровый;женский;95;441521
UhmW0011lav;халат махровый женский Nina Richi Rose lilac ;42-44;лаванда;Халат махровый;Дизайнерский махровый;женский;57;282830
UhmW0011lav;халат махровый женский Nina Richi Rose lilac ;46-48;лаванда;Халат махровый;Дизайнерский махровый;женский;77;324835
UhmW0011ser;халат махровый женский Nina Richi Pale Gray ;42-44;серый;Халат махровый;Дизайнерский махровый;женский;58;247696
UhmW0011ser;халат махровый женский Nina Richi Pale Gray ;46-48;серый;Халат махровый;Дизайнерский махровый;женский;45;185258
UhmW0011sir;халат махровый женский Nina Richi Cowberry ;42-44;сиреневый;Халат махровый;Дизайнерский махровый;женский;59;289360
UhmW0011sir;халат махровый женский Nina Richi Cowberry ;46-48;сиреневый;Халат махровый;Дизайнерский махровый;женский;76;323047
UhmW0014bel;халат махра-велюр женский белый;42-44;белый;Халат махровый;Дизайнерский махровый;женский;105;460959
UhmW0014bel;халат махра-велюр женский белый;46-48;белый;Халат махровый;Дизайнерский махровый;женский;94;420676
UhmW0014bel;халат махра-велюр женский белый;50-52;белый;Халат махровый;Дизайнерский махровый;женский;45;201841
UhmW0014lat;халат махра-велюр женский латте;42-44;латте;Халат махровый;Дизайнерский махровый;женский;134;586536
UhmW0014lat;халат махра-велюр женский латте;46-48;латте;Халат махровый;Дизайнерский махровый;женский;90;409979
UhmW0014lat;халат махра-велюр женский латте;50-52;латте;Халат махровый;Дизайнерский махровый;женский;126;569414
UhmTeen0001bezh;халат махровый для девочки бежевый ;116-122;бежевый;Халат махровый;Детский махровый;дети;57;175198
UhmTeen0001bezh;халат махровый для девочки бежевый ;128-134;бежевый;Халат махровый;Детский махровый;дети;97;303953
UhmTeen0001bezh;халат махровый для девочки бежевый ;140-146;бежевый;Халат махровый;Детский махровый;дети;212;642856
UhmTeen0001bezh;халат махровый для девочки бежевый ;152-158;бежевый;Халат махровый;Детский махровый;дети;457;1401069
UhmTeen0001lav;халат махровый для девочки лавандовый ;128-134;лавандовый;Халат махровый;Детский махровый;дети;213;713693
UhmTeen0001lav;халат махровый для девочки лавандовый ;140-146;лавандовый;Халат махровый;Детский махровый;дети;483;1590665
UhmTeen0001lav;халат махровый для девочки лавандовый ;152-158;лавандовый;Халат махровый;Детский махровый;дети;732;2391478
UhmTeen0001ser;халат махровый для девочки серый ;128-134;серый;Халат махровый;Детский махровый;дети;37;122223
UhmTeen0001ser;халат махровый для девочки серый ;140-146;серый;Халат махровый;Детский махровый;дети;153;501433
UhmTeen0001ser;халат махровый для девочки серый ;152-158;серый;Халат махровый;Детский махровый;дети;265;862608
UhmTeen0001ser2;халат махровый для мальчика серый ;116-122;серый;Халат махровый;Детский махровый;дети;25;79071
UhmTeen0001ser2;халат махровый для мальчика серый ;128-134;серый;Халат махровый;Детский махровый;дети;67;220354
UhmTeen0001ser2;халат махровый для мальчика серый ;140-146;серый;Халат махровый;Детский махровый;дети;137;445731
UhmTeen0001ser2;халат махровый для мальчика серый ;152-158;серый;Халат махровый;Детский махровый;дети;457;1440404
UhmTeen0001sir;халат махровый для девочки сиреневый ;128-134;сиреневый;Халат махровый;Детский махровый;дети;132;441766
UhmTeen0001sir;халат махровый для девочки сиреневый ;140-146;сиреневый;Халат махровый;Детский махровый;дети;321;1052262
UhmTeen0001sir;халат махровый для девочки сиреневый ;152-158;сиреневый;Халат махровый;Детский махровый;дети;535;1747450
UhmTeen0001sir2;халат махровый для девочки сиреневый ;128-134;сиреневый;Халат махровый;Детский махровый;дети;26;86670
UhmTeen0001sir2;халат махровый для девочки сиреневый ;140-146;сиреневый;Халат махровый;Детский махровый;дети;60;204339
UhmTeen0001sir2;халат махровый для девочки сиреневый ;152-158;сиреневый;Халат махровый;Детский махровый;дети;122;415164
UhmTeen0001maslo;халат махровый для девочки, сливочное масло;128-134;сливочное масло;Халат махровый;Детский махровый;дети;91;251248
UhmTeen0001maslo;халат махровый для девочки, сливочное масло;140-146;сливочное масло;Халат махровый;Детский махровый;дети;182;503784
UhmTeen0001maslo;халат махровый для девочки, сливочное масло;152-158;сливочное масло;Халат махровый;Детский махровый;дети;244;651781
UhmDet0001mol/gol;халат махровый детский в полоску молочный/голубой ;128-134;молочный, голубой;Халат махровый;Детский махровый;дети;52;145113
UhmDet0001mol/gol;халат махровый детский в полоску молочный/голубой ;140-146;молочный, голубой;Халат махровый;Детский махровый;дети;60;168103
UhmDet0001mol/gol;халат махровый детский в полоску молочный/голубой ;152-158;молочный, голубой;Халат махровый;Детский махровый;дети;95;253274
UhmDet0001mol/roz;халат махровый детский в полоску молочный/розовый ;128-134;молочный, розовый;Халат махровый;Детский махровый;дети;101;308748
UhmDet0001mol/roz;халат махровый детский в полоску молочный/розовый ;140-146;молочный, розовый;Халат махровый;Детский махровый;дети;141;434520
UhmDet0001mol/roz;халат махровый детский в полоску молочный/розовый ;152-158;молочный, розовый;Халат махровый;Детский махровый;дети;202;612355
UhvM0003graf;халат вафельный мужской с капюшоном графитовый;50-52;графитовый;Халат вафельный;Классический вафельный;мужской;204;789059
UhvM0003graf;халат вафельный мужской с капюшоном графитовый;54-56;графитовый;Халат вафельный;Классический вафельный;мужской;174;669826
UhvM0003graf;халат вафельный мужской с капюшоном графитовый;58-60;графитовый;Халат вафельный;Классический вафельный;мужской;135;520303
UhvM0003tsin;халат вафельный мужской с капюшоном темно-синий;50-52;темно-синий;Халат вафельный;Классический вафельный;мужской;375;1485360
UhvM0003tsin;халат вафельный мужской с капюшоном темно-синий;54-56;темно-синий;Халат вафельный;Классический вафельный;мужской;412;1624185
UhvM0003tsin;халат вафельный мужской с капюшоном темно-синий;58-60;темно-синий;Халат вафельный;Классический вафельный;мужской;204;805216
ХалатВаф/графит;халат вафельный мужской графитовый;48;графитовый;Халат вафельный;Классический вафельный;мужской;319;799608
ХалатВаф/графит;халат вафельный мужской графитовый;50;графитовый;Халат вафельный;Классический вафельный;мужской;445;1116881
ХалатВаф/графит;халат вафельный мужской графитовый;52;графитовый;Халат вафельный;Классический вафельный;мужской;653;1652990
ХалатВаф/графит;халат вафельный мужской графитовый;54;графитовый;Халат вафельный;Классический вафельный;мужской;667;1679935
ХалатВаф/графит;халат вафельный мужской графитовый;56;графитовый;Халат вафельный;Классический вафельный;мужской;499;1261863
ХалатВаф/графит;халат вафельный мужской графитовый;58;графитовый;Халат вафельный;Классический вафельный;мужской;266;673034
ХалатВаф/графит;халат вафельный мужской графитовый;60;графитовый;Халат вафельный;Классический вафельный;мужской;256;651529
Uhvm0002graf;халат вафельный мужской графитовый гиг;58-60;графитовый;Халат вафельный;Классический вафельный;мужской;134;359305
Uhvm0002graf;халат вафельный мужской графитовый гиг;62-64;графитовый;Халат вафельный;Классический вафельный;мужской;266;725413
Uhvm0002graf;халат вафельный мужской графитовый гиг;66-68;графитовый;Халат вафельный;Классический вафельный;мужской;341;936083
Uhvm0002graf;халат вафельный мужской графитовый гиг;70-72;графитовый;Халат вафельный;Классический вафельный;мужской;518;1425169
ХалатВаф/изумруд;халат вафельный мужской изумрудный;48;Изумрудный;Халат вафельный;Классический вафельный;мужской;59;143230
ХалатВаф/изумруд;халат вафельный мужской изумрудный;50;Изумрудный;Халат вафельный;Классический вафельный;мужской;104;251155
ХалатВаф/изумруд;халат вафельный мужской изумрудный;52;Изумрудный;Халат вафельный;Классический вафельный;мужской;106;252317
ХалатВаф/изумруд;халат вафельный мужской изумрудный;54;Изумрудный;Халат вафельный;Классический вафельный;мужской;117;282376
ХалатВаф/изумруд;халат вафельный мужской изумрудный;56;Изумрудный;Халат вафельный;Классический вафельный;мужской;129;319283
ХалатВаф/изумруд;халат вафельный мужской изумрудный;58;Изумрудный;Халат вафельный;Классический вафельный;мужской;94;232154
ХалатВаф/изумруд;халат вафельный мужской изумрудный;60;Изумрудный;Халат вафельный;Классический вафельный;мужской;85;207514
ХалатВаф/серый;халат вафельный мужской серый;48;серый;Халат вафельный;Классический вафельный;мужской;175;451870
ХалатВаф/серый;халат вафельный мужской серый;50;серый;Халат вафельный;Классический вафельный;мужской;273;709387
ХалатВаф/серый;халат вафельный мужской серый;52;серый;Халат вафельный;Классический вафельный;мужской;339;879178
ХалатВаф/серый;халат вафельный мужской серый;54;серый;Халат вафельный;Классический вафельный;мужской;371;963066
ХалатВаф/серый;халат вафельный мужской серый;56;серый;Халат вафельный;Классический вафельный;мужской;272;698866
ХалатВаф/серый;халат вафельный мужской серый;58;серый;Халат вафельный;Классический вафельный;мужской;158;409167
ХалатВаф/серый;халат вафельный мужской серый;60;серый;Халат вафельный;Классический вафельный;мужской;139;360196
ХалатВаф/серый;халат вафельный мужской серый;62-64;серый;Халат вафельный;Классический вафельный;мужской;245;635265
ХалатВаф/серый;халат вафельный мужской серый;66-68;серый;Халат вафельный;Классический вафельный;мужской;238;618807
ХалатВаф/серый;халат вафельный мужской серый;70-72;серый;Халат вафельный;Классический вафельный;мужской;406;1060456
ХалатВаф/темно-синий;халат вафельный мужской темно-синий;48;темно-синий;Халат вафельный;Классический вафельный;мужской;143;356840
ХалатВаф/темно-синий;халат вафельный мужской темно-синий;50;темно-синий;Халат вафельный;Классический вафельный;мужской;205;508376
ХалатВаф/темно-синий;халат вафельный мужской темно-синий;52;темно-синий;Халат вафельный;Классический вафельный;мужской;269;666720
ХалатВаф/темно-синий;халат вафельный мужской темно-синий;54;темно-синий;Халат вафельный;Классический вафельный;мужской;353;885983
ХалатВаф/темно-синий;халат вафельный мужской темно-синий;56;темно-синий;Халат вафельный;Классический вафельный;мужской;233;588595
ХалатВаф/темно-синий;халат вафельный мужской темно-синий;58;темно-синий;Халат вафельный;Классический вафельный;мужской;148;371058
ХалатВаф/темно-синий;халат вафельный мужской темно-синий;60;темно-синий;Халат вафельный;Классический вафельный;мужской;137;343205
ХалатВаф/темно-синий;халат вафельный мужской темно-синий;62-64;темно-синий;Халат вафельный;Классический вафельный;мужской;327;841902
ХалатВаф/темно-синий;халат вафельный мужской темно-синий;66-68;темно-синий;Халат вафельный;Классический вафельный;мужской;406;1037120
ХалатВаф/темно-синий;халат вафельный мужской темно-синий;70-72;темно-синий;Халат вафельный;Классический вафельный;мужской;661;1700313
Uhvm0002sin;халат вафельный мужской темно-синий гиг;58-60;темно-синий;Халат вафельный;Классический вафельный;мужской;63;159393
Uhvm0002sin;халат вафельный мужской темно-синий гиг;62-64;темно-синий;Халат вафельный;Классический вафельный;мужской;65;164163
Uhvm0002sin;халат вафельный мужской темно-синий гиг;66-68;темно-синий;Халат вафельный;Классический вафельный;мужской;102;262677
Uhvm0002sin;халат вафельный мужской темно-синий гиг;70-72;темно-синий;Халат вафельный;Классический вафельный;мужской;114;287070
Uhvm0007graf;халат вафельный мужской графитовый с белым кантом;50-52;графитовый;Халат вафельный;Дизайнерский вафельный;мужской;893;2366205
Uhvm0007graf;халат вафельный мужской графитовый с белым кантом;54-56;графитовый;Халат вафельный;Дизайнерский вафельный;мужской;1158;3052137
Uhvm0007graf;халат вафельный мужской графитовый с белым кантом;58-60;графитовый;Халат вафельный;Дизайнерский вафельный;мужской;609;1610983
Uhvm0007ser-kor;халат вафельный мужской серо-коричневый с черным кантом;50-52;Серо-коричневый;Халат вафельный;Дизайнерский вафельный;мужской;116;283854
Uhvm0007ser-kor;халат вафельный мужской серо-коричневый с черным кантом;54-56;Серо-коричневый;Халат вафельный;Дизайнерский вафельный;мужской;102;251107
Uhvm0007ser-kor;халат вафельный мужской серо-коричневый с черным кантом;58-60;Серо-коричневый;Халат вафельный;Дизайнерский вафельный;мужской;128;330089
Uhvm0007sin;халат вафельный мужской синий с белым кантом;50-52;темно-синий;Халат вафельный;Дизайнерский вафельный;мужской;332;868579
Uhvm0007sin;халат вафельный мужской синий с белым кантом;54-56;темно-синий;Халат вафельный;Дизайнерский вафельный;мужской;468;1221191
Uhvm0007sin;халат вафельный мужской синий с белым кантом;58-60;темно-синий;Халат вафельный;Дизайнерский вафельный;мужской;248;654798
UhvW0003bakl;халат вафельный женский с капюшоном баклажановый;42-44;баклажан;Халат вафельный;Классический вафельный;женский;112;378082
UhvW0003bakl;халат вафельный женский с капюшоном баклажановый;46-48;баклажан;Халат вафельный;Классический вафельный;женский;211;708062
UhvW0003bakl;халат вафельный женский с капюшоном баклажановый;50-52;баклажан;Халат вафельный;Классический вафельный;женский;154;512701
UhvW0003bel;халат вафельный женский с капюшоном белый;42-44;белый;Халат вафельный;Классический вафельный;женский;67;226690
UhvW0003bel;халат вафельный женский с капюшоном белый;46-48;белый;Халат вафельный;Классический вафельный;женский;93;308933
UhvW0003bel;халат вафельный женский с капюшоном белый;50-52;белый;Халат вафельный;Классический вафельный;женский;59;194995
UhvW0003mint;халат вафельный женский с капюшоном мятный;42-44;мятный;Халат вафельный;Классический вафельный;женский;172;584146
UhvW0003mint;халат вафельный женский с капюшоном мятный;46-48;мятный;Халат вафельный;Классический вафельный;женский;245;834580
UhvW0003mint;халат вафельный женский с капюшоном мятный;50-52;мятный;Халат вафельный;Классический вафельный;женский;204;691342
ХалатВафЖенбежевый;халат вафельный женский бежевый;42;бежевый;Халат вафельный;Классический вафельный;женский;285;592118
ХалатВафЖенбежевый;халат вафельный женский бежевый;44;бежевый;Халат вафельный;Классический вафельный;женский;515;1070674
ХалатВафЖенбежевый;халат вафельный женский бежевый;46;бежевый;Халат вафельный;Классический вафельный;женский;600;1244835
ХалатВафЖенбежевый;халат вафельный женский бежевый;48;бежевый;Халат вафельный;Классический вафельный;женский;653;1352754
ХалатВафЖенбежевый;халат вафельный женский бежевый;50;бежевый;Халат вафельный;Классический вафельный;женский;484;1008261
ХалатВафЖенбежевый;халат вафельный женский бежевый;52;бежевый;Халат вафельный;Классический вафельный;женский;412;851750
ХалатВафЖенбежевый;халат вафельный женский бежевый;54;бежевый;Халат вафельный;Классический вафельный;женский;354;734736
ХалатВафЖенбежевый;халат вафельный женский бежевый;56;бежевый;Халат вафельный;Классический вафельный;женский;323;669246
ХалатВафЖенбелый;халат вафельный женский белый;42;белый;Халат вафельный;Классический вафельный;женский;400;832552
ХалатВафЖенбелый;халат вафельный женский белый;44;белый;Халат вафельный;Классический вафельный;женский;594;1223753
ХалатВафЖенбелый;халат вафельный женский белый;46;белый;Халат вафельный;Классический вафельный;женский;666;1362949
ХалатВафЖенбелый;халат вафельный женский белый;48;белый;Халат вафельный;Классический вафельный;женский;720;1482184
ХалатВафЖенбелый;халат вафельный женский белый;50;белый;Халат вафельный;Классический вафельный;женский;478;995272
ХалатВафЖенбелый;халат вафельный женский белый;52;белый;Халат вафельный;Классический вафельный;женский;450;933072
ХалатВафЖенбелый;халат вафельный женский белый;54;белый;Халат вафельный;Классический вафельный;женский;378;790158
ХалатВафЖенбелый;халат вафельный женский белый;56;белый;Халат вафельный;Классический вафельный;женский;235;492468
ХалатВафЖенбелый;халат вафельный женский белый;58;белый;Халат вафельный;Классический вафельный;женский;181;373079
ХалатВафЖенбелый;халат вафельный женский белый;60;белый;Халат вафельный;Классический вафельный;женский;144;300627
ХалатВафЖенбелый;халат вафельный женский белый;62-64;белый;Халат вафельный;Классический вафельный;женский;399;841805
ХалатВафЖенбелый;халат вафельный женский белый;66-68;белый;Халат вафельный;Классический вафельный;женский;348;736467
ХалатВафЖенбелый;халат вафельный женский белый;70-72;белый;Халат вафельный;Классический вафельный;женский;511;1090257
Uhvw0001bel;халат вафельный женский белый гиг;58-60;белый;Халат вафельный;Классический вафельный;женский;27;67251
Uhvw0001bel;халат вафельный женский белый гиг;62-64;белый;Халат вафельный;Классический вафельный;женский;21;52916
Uhvw0001bel;халат вафельный женский белый гиг;66-68;белый;Халат вафельный;Классический вафельный;женский;26;63333
Uhvw0001bel;халат вафельный женский белый гиг;70-72;белый;Халат вафельный;Классический вафельный;женский;40;98895
ХалатВафЖенБирюза;халат вафельный женский голубой;42;Голубой;Халат вафельный;Классический вафельный;женский;80;183668
ХалатВафЖенБирюза;халат вафельный женский голубой;44;Голубой;Халат вафельный;Классический вафельный;женский;152;353644
ХалатВафЖенБирюза;халат вафельный женский голубой;46;Голубой;Халат вафельный;Классический вафельный;женский;262;608497
ХалатВафЖенБирюза;халат вафельный женский голубой;48;Голубой;Халат вафельный;Классический вафельный;женский;264;611745
ХалатВафЖенБирюза;халат вафельный женский голубой;50;Голубой;Халат вафельный;Классический вафельный;женский;200;461490
ХалатВафЖенБирюза;халат вафельный женский голубой;52;Голубой;Халат вафельный;Классический вафельный;женский;153;356812
ХалатВафЖенБирюза;халат вафельный женский голубой;54;Голубой;Халат вафельный;Классический вафельный;женский;163;377120
ХалатВафЖенБирюза;халат вафельный женский голубой;56;Голубой;Халат вафельный;Классический вафельный;женский;128;296277
ХалатВафЖенБирюза;халат вафельный женский голубой;58;Голубой;Халат вафельный;Классический вафельный;женский;33;78129
ХалатВафЖенграфит;халат вафельный женский графитовый;42;графитовый;Халат вафельный;Классический вафельный;женский;170;390581
ХалатВафЖенграфит;халат вафельный женский графитовый;44;графитовый;Халат вафельный;Классический вафельный;женский;323;728847
ХалатВафЖенграфит;халат вафельный женский графитовый;46;графитовый;Халат вафельный;Классический вафельный;женский;443;1012459
ХалатВафЖенграфит;халат вафельный женский графитовый;48;графитовый;Халат вафельный;Классический вафельный;женский;462;1040207
ХалатВафЖенграфит;халат вафельный женский графитовый;50;графитовый;Халат вафельный;Классический вафельный;женский;410;923932
ХалатВафЖенграфит;халат вафельный женский графитовый;52;графитовый;Халат вафельный;Классический вафельный;женский;325;741094
ХалатВафЖенграфит;халат вафельный женский графитовый;54;графитовый;Халат вафельный;Классический вафельный;женский;369;836808
ХалатВафЖенграфит;халат вафельный женский графитовый;56;графитовый;Халат вафельный;Классический вафельный;женский;370;855834
Uhvw0001graf;халат вафельный женский графитовый гиг;58-60;графитовый;Халат вафельный;Классический вафельный;женский;68;185960
Uhvw0001graf;халат вафельный женский графитовый гиг;62-64;графитовый;Халат вафельный;Классический вафельный;женский;86;236448
Uhvw0001graf;халат вафельный женский графитовый гиг;66-68;графитовый;Халат вафельный;Классический вафельный;женский;167;460587
Uhvw0001graf;халат вафельный женский графитовый гиг;70-72;графитовый;Халат вафельный;Классический вафельный;женский;247;676283
ХалатВафЖенИзумрудный;халат вафельный женский изумрудный;42;Изумрудный;Халат вафельный;Классический вафельный;женский;68;167626
ХалатВафЖенИзумрудный;халат вафельный женский изумрудный;44;Изумрудный;Халат вафельный;Классический вафельный;женский;128;307542
ХалатВафЖенИзумрудный;халат вафельный женский изумрудный;46;Изумрудный;Халат вафельный;Классический вафельный;женский;177;433197
ХалатВафЖенИзумрудный;халат вафельный женский изумрудный;48;Изумрудный;Халат вафельный;Классический вафельный;женский;254;625272
ХалатВафЖенИзумрудный;халат вафельный женский изумрудный;50;Изумрудный;Халат вафельный;Классический вафельный;женский;217;537029
ХалатВафЖенИзумрудный;халат вафельный женский изумрудный;52;Изумрудный;Халат вафельный;Классический вафельный;женский;171;421761
ХалатВафЖенИзумрудный;халат вафельный женский изумрудный;54;Изумрудный;Халат вафельный;Классический вафельный;женский;193;469424
ХалатВафЖенИзумрудный;халат вафельный женский изумрудный;56;Изумрудный;Халат вафельный;Классический вафельный;женский;195;473850
Uhvw0004mint;халат вафельный женский мятный;42-44;Мятный;Халат вафельный;Классический вафельный;женский;112;261535
Uhvw0004mint;халат вафельный женский мятный;46-48;Мятный;Халат вафельный;Классический вафельный;женский;231;546982
Uhvw0004mint;халат вафельный женский мятный;50-52;Мятный;Халат вафельный;Классический вафельный;женский;219;522035
Uhvw0004ser-kor;халат вафельный женский серо-коричневый;42-44;Серо-коричневый;Халат вафельный;Классический вафельный;женский;187;443422
Uhvw0004ser-kor;халат вафельный женский серо-коричневый;46-48;Серо-коричневый;Халат вафельный;Классический вафельный;женский;327;771974
Uhvw0004ser-kor;халат вафельный женский серо-коричневый;50-52;Серо-коричневый;Халат вафельный;Классический вафельный;женский;273;648173
ХалатВафЖенсерый;халат вафельный женский серый;42;серый;Халат вафельный;Классический вафельный;женский;79;194061
ХалатВафЖенсерый;халат вафельный женский серый;44;серый;Халат вафельный;Классический вафельный;женский;159;392239
ХалатВафЖенсерый;халат вафельный женский серый;46;серый;Халат вафельный;Классический вафельный;женский;232;567889
ХалатВафЖенсерый;халат вафельный женский серый;48;серый;Халат вафельный;Классический вафельный;женский;257;619565
ХалатВафЖенсерый;халат вафельный женский серый;50;серый;Халат вафельный;Классический вафельный;женский;232;575458
ХалатВафЖенсерый;халат вафельный женский серый;52;серый;Халат вафельный;Классический вафельный;женский;201;493800
ХалатВафЖенсерый;халат вафельный женский серый;54;серый;Халат вафельный;Классический вафельный;женский;225;558392
ХалатВафЖенсерый;халат вафельный женский серый;56;серый;Халат вафельный;Классический вафельный;женский;168;411214
ХалатВафЖенсерый;халат вафельный женский серый;58;серый;Халат вафельный;Классический вафельный;женский;142;349046
ХалатВафЖенсерый;халат вафельный женский серый;60;серый;Халат вафельный;Классический вафельный;женский;157;380803
ХалатВафЖенсерый;халат вафельный женский серый;62-64;серый;Халат вафельный;Классический вафельный;женский;341;829943
ХалатВафЖенсерый;халат вафельный женский серый;66-68;серый;Халат вафельный;Классический вафельный;женский;317;788945
ХалатВафЖенсерый;халат вафельный женский серый;70-72;серый;Халат вафельный;Классический вафельный;женский;401;986786
ХалатВафЖенфиолетовый;халат вафельный женский фиолетовый;42;фиолетовый;Халат вафельный;Классический вафельный;женский;44;99489
ХалатВафЖенфиолетовый;халат вафельный женский фиолетовый;44;фиолетовый;Халат вафельный;Классический вафельный;женский;80;182439
ХалатВафЖенфиолетовый;халат вафельный женский фиолетовый;46;фиолетовый;Халат вафельный;Классический вафельный;женский;120;261845
ХалатВафЖенфиолетовый;халат вафельный женский фиолетовый;48;фиолетовый;Халат вафельный;Классический вафельный;женский;169;392729
ХалатВафЖенфиолетовый;халат вафельный женский фиолетовый;50;фиолетовый;Халат вафельный;Классический вафельный;женский;157;349317
ХалатВафЖенфиолетовый;халат вафельный женский фиолетовый;52;фиолетовый;Халат вафельный;Классический вафельный;женский;144;332689
ХалатВафЖенфиолетовый;халат вафельный женский фиолетовый;54;фиолетовый;Халат вафельный;Классический вафельный;женский;136;312200
ХалатВафЖенфиолетовый;халат вафельный женский фиолетовый;56;фиолетовый;Халат вафельный;Классический вафельный;женский;158;373368
ХалатВафЖенчерный;халат вафельный женский черный;42;черный;Халат вафельный;Классический вафельный;женский;4;9208
ХалатВафЖенчерный;халат вафельный женский черный;44;черный;Халат вафельный;Классический вафельный;женский;29;65806
ХалатВафЖенчерный;халат вафельный женский черный;46;черный;Халат вафельный;Классический вафельный;женский;15;31824
ХалатВафЖенчерный;халат вафельный женский черный;48;черный;Халат вафельный;Классический вафельный;женский;37;76867
ХалатВафЖенчерный;халат вафельный женский черный;50;черный;Халат вафельный;Классический вафельный;женский;27;60515
ХалатВафЖенчерный;халат вафельный женский черный;52;черный;Халат вафельный;Классический вафельный;женский;46;106864
ХалатВафЖенчерный;халат вафельный женский черный;54;черный;Халат вафельный;Классический вафельный;женский;61;139269
ХалатВафЖенчерный;халат вафельный женский черный;56;черный;Халат вафельный;Классический вафельный;женский;65;152827
ХалатВафЖенчерный;халат вафельный женский черный;58;черный;Халат вафельный;Классический вафельный;женский;41;93854
ХалатВафЖенчерный;халат вафельный женский черный;60;черный;Халат вафельный;Классический вафельный;женский;47;108434
Uhvw0015bezh;халат вафельный женский короткий, бежевый;42-44;бежевый;Халат вафельный;Классический вафельный;женский;223;428479
Uhvw0015bezh;халат вафельный женский короткий, бежевый;46-48;бежевый;Халат вафельный;Классический вафельный;женский;179;343823
Uhvw0015bel;халат вафельный женский короткий, белый;42-44;белый;Халат вафельный;Классический вафельный;женский;197;340849
Uhvw0015bel;халат вафельный женский короткий, белый;46-48;белый;Халат вафельный;Классический вафельный;женский;120;205545
Uhvw0015tser;халат вафельный женский короткий, темно-серый;42-44;темно-серый;Халат вафельный;Классический вафельный;женский;186;367984
Uhvw0015tser;халат вафельный женский короткий, темно-серый;46-48;темно-серый;Халат вафельный;Классический вафельный;женский;158;313007
Uhvw0007bezh;халат вафельный женский бежевый с черным кантом;42-44;бежевый;Халат вафельный;Дизайнерский вафельный;женский;297;745162
Uhvw0007bezh;халат вафельный женский бежевый с черным кантом;46-48;бежевый;Халат вафельный;Дизайнерский вафельный;женский;280;699625
Uhvw0007bezh;халат вафельный женский бежевый с черным кантом;50-52;бежевый;Халат вафельный;Дизайнерский вафельный;женский;119;298912
Uhvw0007gol;халат вафельный женский голубой с бежевым кантом;42-44;Голубой;Халат вафельный;Дизайнерский вафельный;женский;223;541456
Uhvw0007gol;халат вафельный женский голубой с бежевым кантом;46-48;Голубой;Халат вафельный;Дизайнерский вафельный;женский;232;578677
Uhvw0007gol;халат вафельный женский голубой с бежевым кантом;50-52;Голубой;Халат вафельный;Дизайнерский вафельный;женский;132;322601
Uhvw0007ser;халат вафельный женский серый с черным кантом;42-44;серый;Халат вафельный;Дизайнерский вафельный;женский;332;840077
Uhvw0007ser;халат вафельный женский серый с черным кантом;46-48;серый;Халат вафельный;Дизайнерский вафельный;женский;430;1076667
Uhvw0007ser;халат вафельный женский серый с черным кантом;50-52;серый;Халат вафельный;Дизайнерский вафельный;женский;207;517905
Uhvw0007cher;халат вафельный женский черный с белым кантом;42-44;черный;Халат вафельный;Дизайнерский вафельный;женский;750;2016205
Uhvw0007cher;халат вафельный женский черный с белым кантом;46-48;черный;Халат вафельный;Дизайнерский вафельный;женский;720;1942122
Uhvw0007cher;халат вафельный женский черный с белым кантом;50-52;черный;Халат вафельный;Дизайнерский вафельный;женский;334;901877
Uhvw0008kap;халат вафельный женский Adele капучино;42-44;Капучино;Халат вафельный;Дизайнерский вафельный;женский;434;1445670
Uhvw0008kap;халат вафельный женский Adele капучино;46-48;Капучино;Халат вафельный;Дизайнерский вафельный;женский;494;1646203
Uhvw0008kap;халат вафельный женский Adele капучино;50-52;Капучино;Халат вафельный;Дизайнерский вафельный;женский;284;948605
Uhvw0008milk;халат вафельный женский Adele молочный;42-44;молочный;Халат вафельный;Дизайнерский вафельный;женский;339;1123454
Uhvw0008milk;халат вафельный женский Adele молочный;46-48;молочный;Халат вафельный;Дизайнерский вафельный;женский;365;1199720
Uhvw0008milk;халат вафельный женский Adele молочный;50-52;молочный;Халат вафельный;Дизайнерский вафельный;женский;172;565625
Uhvw0008ser;халат вафельный женский Adele серый;42-44;серый;Халат вафельный;Дизайнерский вафельный;женский;272;888298
Uhvw0008ser;халат вафельный женский Adele серый;46-48;серый;Халат вафельный;Дизайнерский вафельный;женский;233;751755
Uhvw0008ser;халат вафельный женский Adele серый;50-52;серый;Халат вафельный;Дизайнерский вафельный;женский;124;400100
Uhvw0008sir;халат вафельный женский Adele сиреневый;42-44;Сиреневый;Халат вафельный;Дизайнерский вафельный;женский;411;1344011
Uhvw0008sir;халат вафельный женский Adele сиреневый;46-48;Сиреневый;Халат вафельный;Дизайнерский вафельный;женский;375;1230916
Uhvw0008sir;халат вафельный женский Adele сиреневый;50-52;Сиреневый;Халат вафельный;Дизайнерский вафельный;женский;244;802843
Uhvw0012bel-zel;халат вафельный женский Olivia;42-44;белый, зеленый;Халат вафельный;Дизайнерский вафельный;женский;43;136846
Uhvw0012bel-zel;халат вафельный женский Olivia;46-48;белый, зеленый;Халат вафельный;Дизайнерский вафельный;женский;77;241986
Uhvw0012bel-zel;халат вафельный женский Olivia;50-52;белый, зеленый;Халат вафельный;Дизайнерский вафельный;женский;92;290344
Uhvw0013mol-graf;халат жаккардовый женский Terry, молочно-графитовый;42-44;молочный, графитовый;Халат вафельный;Дизайнерский вафельный;женский;42;179536
Uhvw0013mol-graf;халат жаккардовый женский Terry, молочно-графитовый;46-48;молочный, графитовый;Халат вафельный;Дизайнерский вафельный;женский;90;396731
Uhvw0013mol-graf;халат жаккардовый женский Terry, молочно-графитовый;50-52;молочный, графитовый;Халат вафельный;Дизайнерский вафельный;женский;81;354640
Uhvw0013mol-graf;халат жаккардовый женский Terry, молочно-графитовый;54-56;молочный, графитовый;Халат вафельный;Дизайнерский вафельный;женский;28;119185
Uhvw0013mol-graf;халат жаккардовый женский Terry, молочно-графитовый;58-60;молочный, графитовый;Халат вафельный;Дизайнерский вафельный;женский;21;91942
Uhvw0014mol-graf;халат жаккардовый женский короткий Terry, молочно-графитовый;42-44;молочный, графитовый;Халат вафельный;Дизайнерский вафельный;женский;56;165556
Uhvw0014mol-graf;халат жаккардовый женский короткий Terry, молочно-графитовый;46-48;молочный, графитовый;Халат вафельный;Дизайнерский вафельный;женский;50;146500
UhvTeen0001milk;халат вафельный для девочки с капюшоном молочный ;116-122;молочный;Халат вафельный;Детский вафельный;дети;11;30559
UhvTeen0001milk;халат вафельный для девочки с капюшоном молочный ;128-134;молочный;Халат вафельный;Детский вафельный;дети;35;102335
UhvTeen0001milk;халат вафельный для девочки с капюшоном молочный ;140-146;молочный;Халат вафельный;Детский вафельный;дети;85;245909
UhvTeen0001milk;халат вафельный для девочки с капюшоном молочный ;152-158;молочный;Халат вафельный;Детский вафельный;дети;137;394868
UhvTeen0001pgol;халат вафельный для мальчика с капюшоном пыльно-голубой ;116-122;пыльно-голубой;Халат вафельный;Детский вафельный;дети;26;77380
UhvTeen0001pgol;халат вафельный для мальчика с капюшоном пыльно-голубой ;128-134;пыльно-голубой;Халат вафельный;Детский вафельный;дети;49;139978
UhvTeen0001pgol;халат вафельный для мальчика с капюшоном пыльно-голубой ;140-146;пыльно-голубой;Халат вафельный;Детский вафельный;дети;94;276203
UhvTeen0001pgol;халат вафельный для мальчика с капюшоном пыльно-голубой ;152-158;пыльно-голубой;Халат вафельный;Детский вафельный;дети;135;378587
UhvTeen0001ser;халат вафельный для мальчика с капюшоном серый ;116-122;серый;Халат вафельный;Детский вафельный;дети;16;48532
UhvTeen0001ser;халат вафельный для мальчика с капюшоном серый ;128-134;серый;Халат вафельный;Детский вафельный;дети;20;57056
UhvTeen0001ser;халат вафельный для мальчика с капюшоном серый ;140-146;серый;Халат вафельный;Детский вафельный;дети;39;108862
UhvTeen0001ser;халат вафельный для мальчика с капюшоном серый ;152-158;серый;Халат вафельный;Детский вафельный;дети;61;168645
UhvTeen0001sin;халат вафельный для мальчика с капюшоном синий ;116-122;синий;Халат вафельный;Детский вафельный;дети;19;54377
UhvTeen0001sin;халат вафельный для мальчика с капюшоном синий ;128-134;синий;Халат вафельный;Детский вафельный;дети;41;116594
UhvTeen0001sin;халат вафельный для мальчика с капюшоном синий ;140-146;синий;Халат вафельный;Детский вафельный;дети;61;173781
UhvTeen0001sin;халат вафельный для мальчика с капюшоном синий ;152-158;синий;Халат вафельный;Детский вафельный;дети;89;247227
UhvTeen0001sir;халат вафельный для девочки с капюшоном сиреневый ;116-122;сиреневый;Халат вафельный;Детский вафельный;дети;6;17886
UhvTeen0001sir;халат вафельный для девочки с капюшоном сиреневый ;128-134;сиреневый;Халат вафельный;Детский вафельный;дети;37;105142
UhvTeen0001sir;халат вафельный для девочки с капюшоном сиреневый ;140-146;сиреневый;Халат вафельный;Детский вафельный;дети;116;325855
UhvTeen0001sir;халат вафельный для девочки с капюшоном сиреневый ;152-158;сиреневый;Халат вафельный;Детский вафельный;дети;178;491395
UhvDet0002mint;халат вафельный детский с вышивкой мятный ;104-110;мятный;Халат вафельный;Детский вафельный;дети;177;306557
UhvDet0002mint;халат вафельный детский с вышивкой мятный ;116-122;мятный;Халат вафельный;Детский вафельный;дети;158;278336
UhvDet0002mint;халат вафельный детский с вышивкой мятный ;92-98;мятный;Халат вафельный;Детский вафельный;дети;131;221527
UhvDet0002sroz;халат вафельный детский с вышивкой светло-розовый ;104-110;светло-розовый;Халат вафельный;Детский вафельный;дети;516;1146391
UhvDet0002sroz;халат вафельный детский с вышивкой светло-розовый ;116-122;светло-розовый;Халат вафельный;Детский вафельный;дети;480;1056297
UhvDet0002sroz;халат вафельный детский с вышивкой светло-розовый ;92-98;светло-розовый;Халат вафельный;Детский вафельный;дети;232;508971
UhvDet0002sin;халат вафельный детский с капюшоном и вышивкой синий ;104-110;синий;Халат вафельный;Детский вафельный;дети;407;937149
UhvDet0002sin;халат вафельный детский с капюшоном и вышивкой синий ;116-122;синий;Халат вафельный;Детский вафельный;дети;363;842964
UhvDet0002sin;халат вафельный детский с капюшоном и вышивкой синий ;92-98;синий;Халат вафельный;Детский вафельный;дети;193;442302
UhvDet0003bel-ser;халат вафельный детский с капюшоном и принтом киты;104-110;белый, серый;Халат вафельный;Детский вафельный;дети;12;23690
UhvDet0003bel-ser;халат вафельный детский с капюшоном и принтом киты;116-122;белый, серый;Халат вафельный;Детский вафельный;дети;26;52451
UhvDet0003bel-ser;халат вафельный детский с капюшоном и принтом киты;128-134;белый, серый;Халат вафельный;Детский вафельный;дети;65;133676
UhvDet0003bel-ser;халат вафельный детский с капюшоном и принтом киты;140-146;белый, серый;Халат вафельный;Детский вафельный;дети;143;298892
